Rhf (mm),Lm (mm),Lpc (mm),H (mm),K,Uave_dia (mm/s),Uave_per (mm/s),c0_dia (mol/m^3),c0_mem (mol/m3),Concentration (mol/m^3),(c0_dia - c)/c0_dia * 100 (1)
Only Rhf varried,,,,,,,,,,
0.1,0.05,0.2,21,0.5,0.5,0.8,1000,0,139.07,-86.093
0.175,0.05,0.2,21,0.5,0.5,0.8,1000,0,261.71,-73.829
0.25,0.05,0.2,21,0.5,0.5,0.8,1000,0,398.91,-60.109
0.325,0.05,0.2,21,0.5,0.5,0.8,1000,0,502.72,-49.728
0.4,0.05,0.2,21,0.5,0.5,0.8,1000,0,575.07,-42.493
0.7,0.05,0.2,21,0.5,0.5,0.8,1000,0,716,-28.4
1,0.05,0.2,21,0.5,0.5,0.8,1000,0,776.72,-22.328
1.5,0.05,0.2,21,0.5,0.5,0.8,1000,0,829.12,-17.088
2.5,0.05,0.2,21,0.5,0.5,0.8,1000,0,877.91,-12.209
5,0.05,0.2,21,0.5,0.5,0.8,1000,0,922.82,-7.7179
7,0.05,0.2,21,0.5,0.5,0.8,1000,0,937.94,-6.2057
10,0.05,0.2,21,0.5,0.5,0.8,1000,0,950.44,-4.9561
ONlY C0_dia Varied,,,,,,,,,,
0.1,0.05,0.2,21,0.5,0.5,0.8,500,0,154.99,69.001
0.1,0.05,0.2,21,0.5,0.5,0.8,600,0,192.2,67.967
0.1,0.05,0.2,21,0.5,0.5,0.8,700,0,239.65,65.765
0.1,0.05,0.2,21,0.5,0.5,0.8,800,0,247.53,69.059
0.1,0.05,0.2,21,0.5,0.5,0.8,900,0,-84481,9486.8
0.1,0.05,0.2,21,0.5,0.5,0.8,750,0,1694,-125.86
0.1,0.05,0.2,21,0.5,0.5,0.8,650,0,594.56,8.5285
0.1,0.05,0.2,21,0.5,0.5,0.8,750,0,231.5,69.133
0.1,0.05,0.2,21,0.5,0.5,0.8,850,0,-972.77,214.44
ONLY Uave_dia varried,,,,,,,,,,
0.1,0.05,0.2,21,0.5,0.3,0.8,1000,0,986.35,1.365
0.1,0.05,0.2,21,0.5,0.475,0.8,1000,0,989.97,1.0034
0.1,0.05,0.2,21,0.5,0.65,0.8,1000,0,991.89,0.8113
0.1,0.05,0.2,21,0.5,0.825,0.8,1000,0,993.11,0.68921
0.1,0.05,0.2,21,0.5,1,0.8,1000,0,993.96,0.60357
0.1,0.05,0.2,21,0.5,1.25,0.8,1000,0,994.84,0.51641
0.1,0.05,0.2,21,0.5,1.5,0.8,1000,0,995.46,0.45414
0.1,0.05,0.2,21,0.5,2,0.8,1000,0,996.3,0.37003
0.1,0.05,0.2,21,0.5,2.5,0.8,1000,0,996.85,0.31488
0.1,0.05,0.2,21,0.5,3,0.8,1000,0,997.25,0.27533
ONLY Lm Varried,,,,,,,,,,
0.1,0.05,0.2,21,0.5,0.5,0.8,1000,0,292.34,70.766
0.1,0.0875,0.2,21,0.5,0.5,0.8,1000,0,314.3,68.57
0.1,0.125,0.2,21,0.5,0.5,0.8,1000,0,334.97,66.503
0.1,0.1625,0.2,21,0.5,0.5,0.8,1000,0,354.02,64.598
0.1,0.2,0.2,21,0.5,0.5,0.8,1000,0,371.39,62.861
0.1,0.4,0.2,21,0.5,0.5,0.8,1000,0,441.37,55.863
0.1,0.6,0.2,21,0.5,0.5,0.8,1000,0,486.68,51.332
0.1,0.8,0.2,21,0.5,0.5,0.8,1000,0,518.56,48.144
0.1,1,0.2,21,0.5,0.5,0.8,1000,0,542.41,45.759
0.1,1.5,0.2,21,0.5,0.5,0.8,1000,0,582.66,41.734
0.1,3,0.2,21,0.5,0.5,0.8,1000,0,639.56,36.044
Only K varried,,,,,,,,,,
0.1,0.05,0.2,21,0.5,0.5,0.8,1000,0,342.31,65.769
0.1,0.05,0.2,21,0.75,0.5,0.8,1000,0,304.57,69.543
0.1,0.05,0.2,21,1,0.5,0.8,1000,0,285.67,71.433
0.1,0.05,0.2,21,1.25,0.5,0.8,1000,0,274.5,72.55
0.1,0.05,0.2,21,1.5,0.5,0.8,1000,0,267.16,73.284
0.1,0.05,0.2,21,1.75,0.5,0.8,1000,0,261.99,73.801
0.1,0.05,0.2,21,2,0.5,0.8,1000,0,258.17,74.183
0.1,0.05,0.2,21,2.5,0.5,0.8,1000,0,252.89,74.711
0.1,0.05,0.2,21,3,0.5,0.8,1000,0,249.42,75.058
0.1,0.05,0.2,21,3.5,0.5,0.8,1000,0,246.98,75.302
0.1,0.05,0.2,21,4,0.5,0.8,1000,0,245.16,75.484
0.1,0.05,0.2,21,4.5,0.5,0.8,1000,0,243.76,75.624
0.1,0.05,0.2,21,5,0.5,0.8,1000,0,242.65,75.735
ONLY Lpc varried,,,,,,,,,,
0.1,0.05,0.2,21,0.5,0.5,0.8,1000,0,317.26,68.274
0.1,0.05,0.3,21,0.5,0.5,0.8,1000,0,307.56,69.244
0.1,0.05,0.4,21,0.5,0.5,0.8,1000,0,309.37,69.063
0.1,0.05,0.5,21,0.5,0.5,0.8,1000,0,312.51,68.749
0.1,0.05,0.6,21,0.5,0.5,0.8,1000,0,315.43,68.457
0.1,0.05,0.8,21,0.5,0.5,0.8,1000,0,320.34,67.966
0.1,0.05,1,21,0.5,0.5,0.8,1000,0,324.25,67.575
0.1,0.05,1.5,21,0.5,0.5,0.8,1000,0,331.31,66.869
0.1,0.05,2,21,0.5,0.5,0.8,1000,0,336.1,66.39
0.1,0.05,4,21,0.5,0.5,0.8,1000,0,346.04,65.396
ONly c0_dia Varries,,,,,,,,,,
0.1,0.05,0.2,21,0.5,0.5,0.8,50,0,15.499,69.001
0.1,0.05,0.2,21,0.5,0.5,0.8,100,0,30.967,69.033
0.1,0.05,0.2,21,0.5,0.5,0.8,150,0,46.408,69.061
0.1,0.05,0.2,21,0.5,0.5,0.8,200,0,26.862,86.569
0.1,0.05,0.2,21,0.5,0.5,0.8,250,0,79.815,68.074
0.1,0.05,0.2,21,0.5,0.5,0.8,300,0,104.07,65.311
0.1,0.05,0.2,21,0.5,0.5,0.8,350,0,108.46,69.01
0.1,0.05,0.2,21,0.5,0.5,0.8,400,0,45.327,88.668
0.1,0.05,0.2,21,0.5,0.5,0.8,450,0,177.77,60.495
0.1,0.05,0.2,21,0.5,0.5,0.8,500,0,180.4,63.919
0.1,0.05,0.2,21,0.5,0.5,0.8,600,0,184.67,69.221
0.1,0.05,0.2,21,0.5,0.5,0.8,700,0,215.94,69.151
0.1,0.05,0.2,21,0.5,0.5,0.8,800,0,237.41,70.323
0.1,0.05,0.2,21,0.5,0.5,0.8,900,0,278.33,69.075
"C0_dia, Uave_dia and Uave_per varried",,,,,,,,,,
0.1,0.05,0.2,21,0.5,0.3,0.5,500,0,6.66E+01,8.67E+01
0.1,0.05,0.2,21,0.5,0.3,0.5,875,0,116.51,8.67E+01
0.1,0.05,0.2,21,0.5,0.3,0.5,1250,0,1.66E+02,8.67E+01
0.1,0.05,0.2,21,0.5,0.3,0.5,1625,0,2.16E+02,8.67E+01
0.1,0.05,0.2,21,0.5,0.3,0.5,2000,0,2.66E+02,8.67E+01
0.1,0.05,0.2,21,0.5,0.3,0.75,500,0,6.66E+01,8.67E+01
0.1,0.05,0.2,21,0.5,0.3,0.75,875,0,1.17E+02,8.67E+01
0.1,0.05,0.2,21,0.5,0.3,0.75,1250,0,1.66E+02,8.67E+01
0.1,0.05,0.2,21,0.5,0.3,0.75,1625,0,2.16E+02,8.67E+01
0.1,0.05,0.2,21,0.5,0.3,0.75,2000,0,2.66E+02,8.67E+01
0.1,0.05,0.2,21,0.5,0.3,1,500,0,6.66E+01,8.67E+01
0.1,0.05,0.2,21,0.5,0.3,1,875,0,1.17E+02,8.67E+01
0.1,0.05,0.2,21,0.5,0.3,1,1250,0,1.66E+02,8.67E+01
0.1,0.05,0.2,21,0.5,0.3,1,1625,0,2.16E+02,8.67E+01
0.1,0.05,0.2,21,0.5,0.3,1,2000,0,2.66E+02,8.67E+01
0.1,0.05,0.2,21,0.5,0.3,1.25,500,0,6.66E+01,8.67E+01
0.1,0.05,0.2,21,0.5,0.3,1.25,875,0,1.17E+02,8.67E+01
0.1,0.05,0.2,21,0.5,0.3,1.25,1250,0,1.66E+02,8.67E+01
0.1,0.05,0.2,21,0.5,0.3,1.25,1625,0,2.16E+02,8.67E+01
0.1,0.05,0.2,21,0.5,0.3,1.25,2000,0,2.66E+02,8.67E+01
0.1,0.05,0.2,21,0.5,0.3,1.5,500,0,6.66E+01,8.67E+01
0.1,0.05,0.2,21,0.5,0.3,1.5,875,0,1.17E+02,8.67E+01
0.1,0.05,0.2,21,0.5,0.3,1.5,1250,0,1.66E+02,8.67E+01
0.1,0.05,0.2,21,0.5,0.3,1.5,1625,0,2.16E+02,8.67E+01
0.1,0.05,0.2,21,0.5,0.3,1.5,2000,0,2.66E+02,8.67E+01
0.1,0.05,0.2,21,0.5,0.475,0.5,500,0,7.77E+01,8.45E+01
0.1,0.05,0.2,21,0.5,0.475,0.5,875,0,1.36E+02,8.45E+01
0.1,0.05,0.2,21,0.5,0.475,0.5,1250,0,1.94E+02,8.45E+01
0.1,0.05,0.2,21,0.5,0.475,0.5,1625,0,2.52E+02,8.45E+01
0.1,0.05,0.2,21,0.5,0.475,0.5,2000,0,3.11E+02,8.45E+01
0.1,0.05,0.2,21,0.5,0.475,0.75,500,0,7.77E+01,8.45E+01
0.1,0.05,0.2,21,0.5,0.475,0.75,875,0,1.36E+02,8.45E+01
0.1,0.05,0.2,21,0.5,0.475,0.75,1250,0,1.94E+02,8.45E+01
0.1,0.05,0.2,21,0.5,0.475,0.75,1625,0,2.52E+02,8.45E+01
0.1,0.05,0.2,21,0.5,0.475,0.75,2000,0,3.11E+02,8.45E+01
0.1,0.05,0.2,21,0.5,0.475,1,500,0,7.77E+01,8.45E+01
0.1,0.05,0.2,21,0.5,0.475,1,875,0,1.36E+02,8.45E+01
0.1,0.05,0.2,21,0.5,0.475,1,1250,0,1.94E+02,8.45E+01
0.1,0.05,0.2,21,0.5,0.475,1,1625,0,2.52E+02,8.45E+01
0.1,0.05,0.2,21,0.5,0.475,1,2000,0,3.11E+02,8.45E+01
0.1,0.05,0.2,21,0.5,0.475,1.25,500,0,7.77E+01,8.45E+01
0.1,0.05,0.2,21,0.5,0.475,1.25,875,0,1.36E+02,8.45E+01
0.1,0.05,0.2,21,0.5,0.475,1.25,1250,0,1.94E+02,8.45E+01
0.1,0.05,0.2,21,0.5,0.475,1.25,1625,0,2.52E+02,8.45E+01
0.1,0.05,0.2,21,0.5,0.475,1.25,2000,0,3.11E+02,8.45E+01
0.1,0.05,0.2,21,0.5,0.475,1.5,500,0,7.77E+01,8.45E+01
0.1,0.05,0.2,21,0.5,0.475,1.5,875,0,1.36E+02,8.45E+01
0.1,0.05,0.2,21,0.5,0.475,1.5,1250,0,1.94E+02,8.45E+01
0.1,0.05,0.2,21,0.5,0.475,1.5,1625,0,2.52E+02,8.45E+01
0.1,0.05,0.2,21,0.5,0.475,1.5,2000,0,3.11E+02,8.45E+01
0.1,0.05,0.2,21,0.5,0.65,0.5,500,0,9.15E+01,8.17E+01
0.1,0.05,0.2,21,0.5,0.65,0.5,875,0,1.60E+02,8.17E+01
0.1,0.05,0.2,21,0.5,0.65,0.5,1250,0,2.29E+02,8.17E+01
0.1,0.05,0.2,21,0.5,0.65,0.5,1625,0,2.97E+02,8.17E+01
0.1,0.05,0.2,21,0.5,0.65,0.5,2000,0,3.66E+02,8.17E+01
0.1,0.05,0.2,21,0.5,0.65,0.75,500,0,9.15E+01,8.17E+01
0.1,0.05,0.2,21,0.5,0.65,0.75,875,0,1.60E+02,8.17E+01
0.1,0.05,0.2,21,0.5,0.65,0.75,1250,0,2.29E+02,8.17E+01
0.1,0.05,0.2,21,0.5,0.65,0.75,1625,0,2.97E+02,8.17E+01
0.1,0.05,0.2,21,0.5,0.65,0.75,2000,0,3.66E+02,8.17E+01
0.1,0.05,0.2,21,0.5,0.65,1,500,0,9.15E+01,8.17E+01
0.1,0.05,0.2,21,0.5,0.65,1,875,0,1.60E+02,8.17E+01
0.1,0.05,0.2,21,0.5,0.65,1,1250,0,2.29E+02,8.17E+01
0.1,0.05,0.2,21,0.5,0.65,1,1625,0,2.97E+02,8.17E+01
0.1,0.05,0.2,21,0.5,0.65,1,2000,0,3.66E+02,8.17E+01
0.1,0.05,0.2,21,0.5,0.65,1.25,500,0,9.15E+01,8.17E+01
0.1,0.05,0.2,21,0.5,0.65,1.25,875,0,1.60E+02,8.17E+01
0.1,0.05,0.2,21,0.5,0.65,1.25,1250,0,2.29E+02,8.17E+01
0.1,0.05,0.2,21,0.5,0.65,1.25,1625,0,2.97E+02,8.17E+01
0.1,0.05,0.2,21,0.5,0.65,1.25,2000,0,3.66E+02,8.17E+01
0.1,0.05,0.2,21,0.5,0.65,1.5,500,0,9.15E+01,8.17E+01
0.1,0.05,0.2,21,0.5,0.65,1.5,875,0,1.60E+02,8.17E+01
0.1,0.05,0.2,21,0.5,0.65,1.5,1250,0,2.29E+02,8.17E+01
0.1,0.05,0.2,21,0.5,0.65,1.5,1625,0,2.97E+02,8.17E+01
0.1,0.05,0.2,21,0.5,0.65,1.5,2000,0,3.66E+02,8.17E+01
0.1,0.05,0.2,21,0.5,0.825,0.5,500,0,1.07E+02,7.85E+01
0.1,0.05,0.2,21,0.5,0.825,0.5,875,0,1.88E+02,7.85E+01
0.1,0.05,0.2,21,0.5,0.825,0.5,1250,0,2.69E+02,7.85E+01
0.1,0.05,0.2,21,0.5,0.825,0.5,1625,0,3.49E+02,7.85E+01
0.1,0.05,0.2,21,0.5,0.825,0.5,2000,0,4.30E+02,7.85E+01
0.1,0.05,0.2,21,0.5,0.825,0.75,500,0,1.07E+02,7.85E+01
0.1,0.05,0.2,21,0.5,0.825,0.75,875,0,1.88E+02,7.85E+01
0.1,0.05,0.2,21,0.5,0.825,0.75,1250,0,2.69E+02,7.85E+01
0.1,0.05,0.2,21,0.5,0.825,0.75,1625,0,3.49E+02,7.85E+01
0.1,0.05,0.2,21,0.5,0.825,0.75,2000,0,4.30E+02,7.85E+01
0.1,0.05,0.2,21,0.5,0.825,1,500,0,1.07E+02,7.85E+01
0.1,0.05,0.2,21,0.5,0.825,1,875,0,1.88E+02,7.85E+01
0.1,0.05,0.2,21,0.5,0.825,1,1250,0,2.69E+02,7.85E+01
0.1,0.05,0.2,21,0.5,0.825,1,1625,0,3.49E+02,7.85E+01
0.1,0.05,0.2,21,0.5,0.825,1,2000,0,4.30E+02,7.85E+01
0.1,0.05,0.2,21,0.5,0.825,1.25,500,0,1.07E+02,7.85E+01
0.1,0.05,0.2,21,0.5,0.825,1.25,875,0,1.88E+02,7.85E+01
0.1,0.05,0.2,21,0.5,0.825,1.25,1250,0,2.69E+02,7.85E+01
0.1,0.05,0.2,21,0.5,0.825,1.25,1625,0,3.49E+02,7.85E+01
0.1,0.05,0.2,21,0.5,0.825,1.25,2000,0,4.30E+02,7.85E+01
0.1,0.05,0.2,21,0.5,0.825,1.5,500,0,1.07E+02,7.85E+01
0.1,0.05,0.2,21,0.5,0.825,1.5,875,0,1.88E+02,7.85E+01
0.1,0.05,0.2,21,0.5,0.825,1.5,1250,0,2.69E+02,7.85E+01
0.1,0.05,0.2,21,0.5,0.825,1.5,1625,0,3.49E+02,7.85E+01
0.1,0.05,0.2,21,0.5,0.825,1.5,2000,0,4.30E+02,7.85E+01
0.1,0.05,0.2,21,0.5,1,0.5,500,0,1.24E+02,7.51E+01
0.1,0.05,0.2,21,0.5,1,0.5,875,0,2.17E+02,7.51E+01
0.1,0.05,0.2,21,0.5,1,0.5,1250,0,3.11E+02,7.51E+01
0.1,0.05,0.2,21,0.5,1,0.5,1625,0,4.04E+02,7.51E+01
0.1,0.05,0.2,21,0.5,1,0.5,2000,0,4.97E+02,7.51E+01
0.1,0.05,0.2,21,0.5,1,0.75,500,0,1.24E+02,7.51E+01
0.1,0.05,0.2,21,0.5,1,0.75,875,0,2.17E+02,7.51E+01
0.1,0.05,0.2,21,0.5,1,0.75,1250,0,3.11E+02,7.51E+01
0.1,0.05,0.2,21,0.5,1,0.75,1625,0,4.04E+02,7.51E+01
0.1,0.05,0.2,21,0.5,1,0.75,2000,0,4.97E+02,7.51E+01
0.1,0.05,0.2,21,0.5,1,1,500,0,1.24E+02,7.51E+01
0.1,0.05,0.2,21,0.5,1,1,875,0,2.17E+02,7.51E+01
0.1,0.05,0.2,21,0.5,1,1,1250,0,3.11E+02,7.51E+01
0.1,0.05,0.2,21,0.5,1,1,1625,0,4.04E+02,7.51E+01
0.1,0.05,0.2,21,0.5,1,1,2000,0,4.97E+02,7.51E+01
0.1,0.05,0.2,21,0.5,1,1.25,500,0,1.24E+02,7.51E+01
0.1,0.05,0.2,21,0.5,1,1.25,875,0,2.17E+02,7.51E+01
0.1,0.05,0.2,21,0.5,1,1.25,1250,0,3.11E+02,7.51E+01
0.1,0.05,0.2,21,0.5,1,1.25,1625,0,4.04E+02,7.51E+01
0.1,0.05,0.2,21,0.5,1,1.25,2000,0,4.97E+02,7.51E+01
0.1,0.05,0.2,21,0.5,1,1.5,500,0,1.24E+02,7.51E+01
0.1,0.05,0.2,21,0.5,1,1.5,875,0,2.17E+02,7.51E+01
0.1,0.05,0.2,21,0.5,1,1.5,1250,0,3.11E+02,7.51E+01
0.1,0.05,0.2,21,0.5,1,1.5,1625,0,4.04E+02,7.51E+01
0.1,0.05,0.2,21,0.5,1,1.5,2000,0,4.97E+02,7.51E+01
0.1,0.05,0.2,21,0.75,0.3,0.5,500,0,6.64E+01,8.67E+01
0.1,0.05,0.2,21,0.75,0.3,0.5,875,0,1.16E+02,8.67E+01
0.1,0.05,0.2,21,0.75,0.3,0.5,1250,0,1.66E+02,8.67E+01
0.1,0.05,0.2,21,0.75,0.3,0.5,1625,0,2.16E+02,8.67E+01
0.1,0.05,0.2,21,0.75,0.3,0.5,2000,0,2.66E+02,8.67E+01
0.1,0.05,0.2,21,0.75,0.3,0.75,500,0,6.64E+01,8.67E+01
0.1,0.05,0.2,21,0.75,0.3,0.75,875,0,1.16E+02,8.67E+01
0.1,0.05,0.2,21,0.75,0.3,0.75,1250,0,1.66E+02,8.67E+01
0.1,0.05,0.2,21,0.75,0.3,0.75,1625,0,2.16E+02,8.67E+01
0.1,0.05,0.2,21,0.75,0.3,0.75,2000,0,2.66E+02,8.67E+01
0.1,0.05,0.2,21,0.75,0.3,1,500,0,6.64E+01,8.67E+01
0.1,0.05,0.2,21,0.75,0.3,1,875,0,1.16E+02,8.67E+01
0.1,0.05,0.2,21,0.75,0.3,1,1250,0,1.66E+02,8.67E+01
0.1,0.05,0.2,21,0.75,0.3,1,1625,0,2.16E+02,8.67E+01
0.1,0.05,0.2,21,0.75,0.3,1,2000,0,2.66E+02,8.67E+01
0.1,0.05,0.2,21,0.75,0.3,1.25,500,0,6.64E+01,8.67E+01
0.1,0.05,0.2,21,0.75,0.3,1.25,875,0,1.16E+02,8.67E+01
0.1,0.05,0.2,21,0.75,0.3,1.25,1250,0,1.66E+02,8.67E+01
"Lm, Lpc and Rhf varreid",,,,,,,,,,
0.1,0.05,0.2,21,0.7,0.5,0.8,1000,0,156.26,84.374
0.1,0.05,0.3,21,0.7,0.5,0.8,1000,0,140.95,85.905
0.1,0.05,0.4,21,0.7,0.5,0.8,1000,0,138.62,86.138
0.1,0.05,0.5,21,0.7,0.5,0.8,1000,0,138.67,86.133
0.1,0.05,0.6,21,0.7,0.5,0.8,1000,0,139.04,86.096
0.1,0.0875,0.2,21,0.7,0.5,0.8,1000,0,152.55,84.745
0.1,0.0875,0.3,21,0.7,0.5,0.8,1000,0,140.78,85.922
0.1,0.0875,0.4,21,0.7,0.5,0.8,1000,0,139.29,86.071
0.1,0.0875,0.5,21,0.7,0.5,0.8,1000,0,139.6,86.04
0.1,0.0875,0.6,21,0.7,0.5,0.8,1000,0,140.13,85.987
0.1,0.125,0.2,21,0.7,0.5,0.8,1000,0,151.11,84.889
0.1,0.125,0.3,21,0.7,0.5,0.8,1000,0,141.84,85.816
0.1,0.125,0.4,21,0.7,0.5,0.8,1000,0,140.93,85.907
0.1,0.125,0.5,21,0.7,0.5,0.8,1000,0,141.42,85.858
0.1,0.125,0.6,21,0.7,0.5,0.8,1000,0,142.06,85.794
0.1,0.1625,0.2,21,0.7,0.5,0.8,1000,0,151.24,84.876
0.1,0.1625,0.3,21,0.7,0.5,0.8,1000,0,143.79,85.621
0.1,0.1625,0.4,21,0.7,0.5,0.8,1000,0,143.29,85.671
0.1,0.1625,0.5,21,0.7,0.5,0.8,1000,0,143.9,85.61
0.1,0.1625,0.6,21,0.7,0.5,0.8,1000,0,144.6,85.54
0.1,0.2,0.2,21,0.7,0.5,0.8,1000,0,152.45,84.755
0.1,0.2,0.3,21,0.7,0.5,0.8,1000,0,146.35,85.365
0.1,0.2,0.4,21,0.7,0.5,0.8,1000,0,146.12,85.388
0.1,0.2,0.5,21,0.7,0.5,0.8,1000,0,146.81,85.319
0.1,0.2,0.6,21,0.7,0.5,0.8,1000,0,147.55,85.245
0.175,0.05,0.2,21,0.7,0.5,0.8,1000,0,261.42,73.858
0.175,0.05,0.3,21,0.7,0.5,0.8,1000,0,246.68,75.332
0.175,0.05,0.4,21,0.7,0.5,0.8,1000,0,247.09,75.291
0.175,0.05,0.5,21,0.7,0.5,0.8,1000,0,249.59,75.041
0.175,0.05,0.6,21,0.7,0.5,0.8,1000,0,252.07,74.793
0.175,0.0875,0.2,21,0.7,0.5,0.8,1000,0,273.72,72.628
0.175,0.0875,0.3,21,0.7,0.5,0.8,1000,0,263.55,73.645
0.175,0.0875,0.4,21,0.7,0.5,0.8,1000,0,264.75,73.525
0.175,0.0875,0.5,21,0.7,0.5,0.8,1000,0,267.35,73.265
0.175,0.0875,0.6,21,0.7,0.5,0.8,1000,0,269.83,73.017
0.175,0.125,0.2,21,0.7,0.5,0.8,1000,0,287.79,71.221
0.175,0.125,0.3,21,0.7,0.5,0.8,1000,0,280.53,71.947
0.175,0.125,0.4,21,0.7,0.5,0.8,1000,0,282.11,71.789
0.175,0.125,0.5,21,0.7,0.5,0.8,1000,0,284.67,71.533
0.175,0.125,0.6,21,0.7,0.5,0.8,1000,0,287.06,71.294
0.175,0.1625,0.2,21,0.7,0.5,0.8,1000,0,302.18,69.782
0.175,0.1625,0.3,21,0.7,0.5,0.8,1000,0,296.93,70.307
0.175,0.1625,0.4,21,0.7,0.5,0.8,1000,0,298.59,70.141
0.175,0.1625,0.5,21,0.7,0.5,0.8,1000,0,301.04,69.896
0.175,0.1625,0.6,21,0.7,0.5,0.8,1000,0,303.3,69.67
0.175,0.2,0.2,21,0.7,0.5,0.8,1000,0,316.2,68.38
0.175,0.2,0.3,21,0.7,0.5,0.8,1000,0,312.2,68.78
0.175,0.2,0.4,21,0.7,0.5,0.8,1000,0,313.97,68.603
0.175,0.2,0.5,21,0.7,0.5,0.8,1000,0,316.28,68.372
0.175,0.2,0.6,21,0.7,0.5,0.8,1000,0,318.44,68.156
0.25,0.05,0.2,21,0.7,0.5,0.8,1000,0,384.97,61.503
0.25,0.05,0.3,21,0.7,0.5,0.8,1000,0,374.24,62.576
0.25,0.05,0.4,21,0.7,0.5,0.8,1000,0,376.73,62.327
0.25,0.05,0.5,21,0.7,0.5,0.8,1000,0,380.68,61.932
0.25,0.05,0.6,21,0.7,0.5,0.8,1000,0,384.34,61.566
0.25,0.0875,0.2,21,0.7,0.5,0.8,1000,0,407.63,59.237
0.25,0.0875,0.3,21,0.7,0.5,0.8,1000,0,400.54,59.946
0.25,0.0875,0.4,21,0.7,0.5,0.8,1000,0,403.26,59.674
0.25,0.0875,0.5,21,0.7,0.5,0.8,1000,0,406.92,59.308
0.25,0.0875,0.6,21,0.7,0.5,0.8,1000,0,410.25,58.975
0.25,0.125,0.2,21,0.7,0.5,0.8,1000,0,429.28,57.072
0.25,0.125,0.3,21,0.7,0.5,0.8,1000,0,424.44,57.556
0.25,0.125,0.4,21,0.7,0.5,0.8,1000,0,427.13,57.287
0.25,0.125,0.5,21,0.7,0.5,0.8,1000,0,430.46,56.954
0.25,0.125,0.6,21,0.7,0.5,0.8,1000,0,433.46,56.654
0.25,0.1625,0.2,21,0.7,0.5,0.8,1000,0,449.27,55.073
0.25,0.1625,0.3,21,0.7,0.5,0.8,1000,0,445.86,55.414
0.25,0.1625,0.4,21,0.7,0.5,0.8,1000,0,448.43,55.157
0.25,0.1625,0.5,21,0.7,0.5,0.8,1000,0,451.43,54.857
0.25,0.1625,0.6,21,0.7,0.5,0.8,1000,0,454.13,54.587
0.25,0.2,0.2,21,0.7,0.5,0.8,1000,0,467.47,53.253
0.25,0.2,0.3,21,0.7,0.5,0.8,1000,0,465.01,53.499
0.25,0.2,0.4,21,0.7,0.5,0.8,1000,0,467.4,53.26
0.25,0.2,0.5,21,0.7,0.5,0.8,1000,0,470.11,52.989
0.25,0.2,0.6,21,0.7,0.5,0.8,1000,0,472.55,52.745
0.325,0.05,0.2,21,0.7,0.5,0.8,1000,0,484.64,51.536
0.325,0.05,0.3,21,0.7,0.5,0.8,1000,0,476.48,52.352
0.325,0.05,0.4,21,0.7,0.5,0.8,1000,0,479.67,52.033
0.325,0.05,0.5,21,0.7,0.5,0.8,1000,0,483.97,51.603
0.325,0.05,0.6,21,0.7,0.5,0.8,1000,0,487.88,51.212
0.325,0.0875,0.2,21,0.7,0.5,0.8,1000,0,509.34,49.066
0.325,0.0875,0.3,21,0.7,0.5,0.8,1000,0,504.02,49.598
0.325,0.0875,0.4,21,0.7,0.5,0.8,1000,0,507.13,49.287
0.325,0.0875,0.5,21,0.7,0.5,0.8,1000,0,510.94,48.906
0.325,0.0875,0.6,21,0.7,0.5,0.8,1000,0,514.38,48.562
0.325,0.125,0.2,21,0.7,0.5,0.8,1000,0,531.82,46.818
0.325,0.125,0.3,21,0.7,0.5,0.8,1000,0,528.23,47.177
0.325,0.125,0.4,21,0.7,0.5,0.8,1000,0,531.13,46.887
0.325,0.125,0.5,21,0.7,0.5,0.8,1000,0,534.5,46.55
0.325,0.125,0.6,21,0.7,0.5,0.8,1000,0,537.52,46.248
0.325,0.1625,0.2,21,0.7,0.5,0.8,1000,0,551.95,44.805
0.325,0.1625,0.3,21,0.7,0.5,0.8,1000,0,549.46,45.054
0.325,0.1625,0.4,21,0.7,0.5,0.8,1000,0,552.12,44.788
0.325,0.1625,0.5,21,0.7,0.5,0.8,1000,0,555.1,44.49
0.325,0.1625,0.6,21,0.7,0.5,0.8,1000,0,557.69,44.231
0.325,0.2,0.2,21,0.7,0.5,0.8,1000,0,569.89,43.011
0.325,0.2,0.3,21,0.7,0.5,0.8,1000,0,568.12,43.188
0.325,0.2,0.4,21,0.7,0.5,0.8,1000,0,570.54,42.946
0.325,0.2,0.5,21,0.7,0.5,0.8,1000,0,573.19,42.681
0.325,0.2,0.6,21,0.7,0.5,0.8,1000,0,575.56,42.444
0.4,0.05,0.2,21,0.7,0.5,0.8,1000,0,556.57,44.343
0.4,0.05,0.3,21,0.7,0.5,0.8,1000,0,549.95,45.005
0.4,0.05,0.4,21,0.7,0.5,0.8,1000,0,553.27,44.673
0.4,0.05,0.5,21,0.7,0.5,0.8,1000,0,557.44,44.256
0.4,0.05,0.6,21,0.7,0.5,0.8,1000,0,561.33,43.867
0.4,0.0875,0.2,21,0.7,0.5,0.8,1000,0,580.38,41.962
0.4,0.0875,0.3,21,0.7,0.5,0.8,1000,0,576.07,42.393
0.4,0.0875,0.4,21,0.7,0.5,0.8,1000,0,579.18,42.082
0.4,0.0875,0.5,21,0.7,0.5,0.8,1000,0,582.87,41.713
0.4,0.0875,0.6,21,0.7,0.5,0.8,1000,0,586.11,41.389
0.4,0.125,0.2,21,0.7,0.5,0.8,1000,0,601.68,39.832
0.4,0.125,0.3,21,0.7,0.5,0.8,1000,0,598.79,40.121
0.4,0.125,0.4,21,0.7,0.5,0.8,1000,0,601.62,39.838
0.4,0.125,0.5,21,0.7,0.5,0.8,1000,0,604.85,39.515
0.4,0.125,0.6,21,0.7,0.5,0.8,1000,0,607.73,39.227
0.4,0.1625,0.2,21,0.7,0.5,0.8,1000,0,620.56,37.944
0.4,0.1625,0.3,21,0.7,0.5,0.8,1000,0,618.56,38.144
0.4,0.1625,0.4,21,0.7,0.5,0.8,1000,0,621.12,37.888
0.4,0.1625,0.5,21,0.7,0.5,0.8,1000,0,623.95,37.605
0.4,0.1625,0.6,21,0.7,0.5,0.8,1000,0,626.48,37.352
0.4,0.2,0.2,21,0.7,0.5,0.8,1000,0,637.26,36.274
0.4,0.2,0.3,21,0.7,0.5,0.8,1000,0,635.86,36.414
0.4,0.2,0.4,21,0.7,0.5,0.8,1000,0,638.16,36.184
0.4,0.2,0.5,21,0.7,0.5,0.8,1000,0,640.65,35.935
0.4,0.2,0.6,21,0.7,0.5,0.8,1000,0,642.88,35.712
"Uave_per, c)-dia, Uave_dia varried",,,,,,,,,,
0.1,0.05,0.2,21,0.5,0.3,0.5,500,0,66.577,86.685
0.1,0.05,0.2,21,0.5,0.3,0.5,875,0,116.51,86.685
0.1,0.05,0.2,21,0.5,0.3,0.5,1250,0,166.44,86.685
0.1,0.05,0.2,21,0.5,0.3,0.5,1625,0,216.37,86.685
0.1,0.05,0.2,21,0.5,0.3,0.5,2000,0,266.31,86.685
0.1,0.05,0.2,21,0.5,0.3,0.75,500,0,66.577,86.685
0.1,0.05,0.2,21,0.5,0.3,0.75,875,0,116.51,86.685
0.1,0.05,0.2,21,0.5,0.3,0.75,1250,0,166.43,86.686
0.1,0.05,0.2,21,0.5,0.3,0.75,1625,0,216.37,86.685
0.1,0.05,0.2,21,0.5,0.3,0.75,2000,0,266.31,86.685
0.1,0.05,0.2,21,0.5,0.3,1,500,0,66.577,86.685
0.1,0.05,0.2,21,0.5,0.3,1,875,0,116.51,86.685
0.1,0.05,0.2,21,0.5,0.3,1,1250,0,166.44,86.685
0.1,0.05,0.2,21,0.5,0.3,1,1625,0,216.37,86.685
0.1,0.05,0.2,21,0.5,0.3,1,2000,0,266.31,86.685
0.1,0.05,0.2,21,0.5,0.3,1.25,500,0,66.577,86.685
0.1,0.05,0.2,21,0.5,0.3,1.25,875,0,116.51,86.685
0.1,0.05,0.2,21,0.5,0.3,1.25,1250,0,166.44,86.685
0.1,0.05,0.2,21,0.5,0.3,1.25,1625,0,216.37,86.685
0.1,0.05,0.2,21,0.5,0.3,1.25,2000,0,266.31,86.685
0.1,0.05,0.2,21,0.5,0.3,1.5,500,0,66.577,86.685
0.1,0.05,0.2,21,0.5,0.3,1.5,875,0,116.51,86.685
0.1,0.05,0.2,21,0.5,0.3,1.5,1250,0,166.43,86.685
0.1,0.05,0.2,21,0.5,0.3,1.5,1625,0,216.37,86.685
0.1,0.05,0.2,21,0.5,0.3,1.5,2000,0,266.31,86.685
0.1,0.05,0.2,21,0.5,0.475,0.5,500,0,77.656,84.469
0.1,0.05,0.2,21,0.5,0.475,0.5,875,0,135.9,84.469
0.1,0.05,0.2,21,0.5,0.475,0.5,1250,0,194.13,84.469
0.1,0.05,0.2,21,0.5,0.475,0.5,1625,0,252.36,84.47
0.1,0.05,0.2,21,0.5,0.475,0.5,2000,0,310.62,84.469
0.1,0.05,0.2,21,0.5,0.475,0.75,500,0,77.656,84.469
0.1,0.05,0.2,21,0.5,0.475,0.75,875,0,135.9,84.469
0.1,0.05,0.2,21,0.5,0.475,0.75,1250,0,194.14,84.469
0.1,0.05,0.2,21,0.5,0.475,0.75,1625,0,252.38,84.469
0.1,0.05,0.2,21,0.5,0.475,0.75,2000,0,310.63,84.469
0.1,0.05,0.2,21,0.5,0.475,1,500,0,77.656,84.469
0.1,0.05,0.2,21,0.5,0.475,1,875,0,135.9,84.469
0.1,0.05,0.2,21,0.5,0.475,1,1250,0,194.14,84.469
0.1,0.05,0.2,21,0.5,0.475,1,1625,0,252.38,84.469
0.1,0.05,0.2,21,0.5,0.475,1,2000,0,310.62,84.469
0.1,0.05,0.2,21,0.5,0.475,1.25,500,0,77.657,84.469
0.1,0.05,0.2,21,0.5,0.475,1.25,875,0,135.9,84.469
0.1,0.05,0.2,21,0.5,0.475,1.25,1250,0,194.14,84.469
0.1,0.05,0.2,21,0.5,0.475,1.25,1625,0,252.38,84.469
0.1,0.05,0.2,21,0.5,0.475,1.25,2000,0,310.62,84.469
0.1,0.05,0.2,21,0.5,0.475,1.5,500,0,77.656,84.469
0.1,0.05,0.2,21,0.5,0.475,1.5,875,0,135.9,84.469
0.1,0.05,0.2,21,0.5,0.475,1.5,1250,0,194.13,84.47
0.1,0.05,0.2,21,0.5,0.475,1.5,1625,0,252.37,84.47
0.1,0.05,0.2,21,0.5,0.475,1.5,2000,0,310.63,84.469
0.1,0.05,0.2,21,0.5,0.65,0.5,500,0,91.464,81.707
0.1,0.05,0.2,21,0.5,0.65,0.5,875,0,160.06,81.707
0.1,0.05,0.2,21,0.5,0.65,0.5,1250,0,228.66,81.707
0.1,0.05,0.2,21,0.5,0.65,0.5,1625,0,297.26,81.707
0.1,0.05,0.2,21,0.5,0.65,0.5,2000,0,365.85,81.707
0.1,0.05,0.2,21,0.5,0.65,0.75,500,0,91.464,81.707
0.1,0.05,0.2,21,0.5,0.65,0.75,875,0,160.06,81.707
0.1,0.05,0.2,21,0.5,0.65,0.75,1250,0,228.66,81.707
0.1,0.05,0.2,21,0.5,0.65,0.75,1625,0,297.25,81.707
0.1,0.05,0.2,21,0.5,0.65,0.75,2000,0,365.85,81.707
0.1,0.05,0.2,21,0.5,0.65,1,500,0,91.464,81.707
0.1,0.05,0.2,21,0.5,0.65,1,875,0,160.06,81.707
0.1,0.05,0.2,21,0.5,0.65,1,1250,0,228.66,81.707
0.1,0.05,0.2,21,0.5,0.65,1,1625,0,297.26,81.707
0.1,0.05,0.2,21,0.5,0.65,1,2000,0,365.85,81.707
0.1,0.05,0.2,21,0.5,0.65,1.25,500,0,91.464,81.707
0.1,0.05,0.2,21,0.5,0.65,1.25,875,0,160.06,81.707
0.1,0.05,0.2,21,0.5,0.65,1.25,1250,0,228.66,81.707
0.1,0.05,0.2,21,0.5,0.65,1.25,1625,0,297.26,81.707
0.1,0.05,0.2,21,0.5,0.65,1.25,2000,0,365.85,81.707
0.1,0.05,0.2,21,0.5,0.65,1.5,500,0,91.464,81.707
0.1,0.05,0.2,21,0.5,0.65,1.5,875,0,160.06,81.707
0.1,0.05,0.2,21,0.5,0.65,1.5,1250,0,228.66,81.707
0.1,0.05,0.2,21,0.5,0.65,1.5,1625,0,297.26,81.707
0.1,0.05,0.2,21,0.5,0.65,1.5,2000,0,365.85,81.708
0.1,0.05,0.2,21,0.5,0.825,0.5,500,0,107.4,78.52
0.1,0.05,0.2,21,0.5,0.825,0.5,875,0,187.95,78.52
0.1,0.05,0.2,21,0.5,0.825,0.5,1250,0,268.5,78.52
0.1,0.05,0.2,21,0.5,0.825,0.5,1625,0,349.04,78.52
0.1,0.05,0.2,21,0.5,0.825,0.5,2000,0,429.59,78.52
0.1,0.05,0.2,21,0.5,0.825,0.75,500,0,107.4,78.52
0.1,0.05,0.2,21,0.5,0.825,0.75,875,0,187.95,78.52
0.1,0.05,0.2,21,0.5,0.825,0.75,1250,0,268.5,78.52
0.1,0.05,0.2,21,0.5,0.825,0.75,1625,0,349.04,78.52
0.1,0.05,0.2,21,0.5,0.825,0.75,2000,0,429.59,78.52
0.1,0.05,0.2,21,0.5,0.825,1,500,0,107.4,78.52
0.1,0.05,0.2,21,0.5,0.825,1,875,0,187.95,78.52
0.1,0.05,0.2,21,0.5,0.825,1,1250,0,268.5,78.52
0.1,0.05,0.2,21,0.5,0.825,1,1625,0,349.04,78.52
0.1,0.05,0.2,21,0.5,0.825,1,2000,0,429.6,78.52
0.1,0.05,0.2,21,0.5,0.825,1.25,500,0,107.4,78.52
0.1,0.05,0.2,21,0.5,0.825,1.25,875,0,187.95,78.52
0.1,0.05,0.2,21,0.5,0.825,1.25,1250,0,268.5,78.52
0.1,0.05,0.2,21,0.5,0.825,1.25,1625,0,349.06,78.519
0.1,0.05,0.2,21,0.5,0.825,1.25,2000,0,429.59,78.52
0.1,0.05,0.2,21,0.5,0.825,1.5,500,0,107.4,78.52
0.1,0.05,0.2,21,0.5,0.825,1.5,875,0,187.95,78.52
0.1,0.05,0.2,21,0.5,0.825,1.5,1250,0,268.5,78.52
0.1,0.05,0.2,21,0.5,0.825,1.5,1625,0,349.08,78.518
0.1,0.05,0.2,21,0.5,0.825,1.5,2000,0,429.59,78.52
0.1,0.05,0.2,21,0.5,1,0.5,500,0,124.27,75.146
0.1,0.05,0.2,21,0.5,1,0.5,875,0,217.47,75.146
0.1,0.05,0.2,21,0.5,1,0.5,1250,0,310.68,75.146
0.1,0.05,0.2,21,0.5,1,0.5,1625,0,403.92,75.143
0.1,0.05,0.2,21,0.5,1,0.5,2000,0,497.09,75.146
0.1,0.05,0.2,21,0.5,1,0.75,500,0,124.27,75.146
0.1,0.05,0.2,21,0.5,1,0.75,875,0,217.48,75.146
0.1,0.05,0.2,21,0.5,1,0.75,1250,0,310.68,75.146
0.1,0.05,0.2,21,0.5,1,0.75,1625,0,403.91,75.144
0.1,0.05,0.2,21,0.5,1,0.75,2000,0,497.09,75.145
0.1,0.05,0.2,21,0.5,1,1,500,0,124.27,75.146
0.1,0.05,0.2,21,0.5,1,1,875,0,217.47,75.146
0.1,0.05,0.2,21,0.5,1,1,1250,0,310.68,75.146
0.1,0.05,0.2,21,0.5,1,1,1625,0,403.88,75.146
0.1,0.05,0.2,21,0.5,1,1,2000,0,497.19,75.141
0.1,0.05,0.2,21,0.5,1,1.25,500,0,124.27,75.146
0.1,0.05,0.2,21,0.5,1,1.25,875,0,217.47,75.146
0.1,0.05,0.2,21,0.5,1,1.25,1250,0,310.69,75.145
0.1,0.05,0.2,21,0.5,1,1.25,1625,0,403.93,75.143
0.1,0.05,0.2,21,0.5,1,1.25,2000,0,497.09,75.146
0.1,0.05,0.2,21,0.5,1,1.5,500,0,124.27,75.146
0.1,0.05,0.2,21,0.5,1,1.5,875,0,217.47,75.146
0.1,0.05,0.2,21,0.5,1,1.5,1250,0,310.68,75.146
0.1,0.05,0.2,21,0.5,1,1.5,1625,0,403.88,75.146
0.1,0.05,0.2,21,0.5,1,1.5,2000,0,497.09,75.146
0.1,0.05,0.2,21,0.75,0.3,0.5,500,0,66.427,86.715
0.1,0.05,0.2,21,0.75,0.3,0.5,875,0,116.25,86.715
0.1,0.05,0.2,21,0.75,0.3,0.5,1250,0,166.07,86.715
0.1,0.05,0.2,21,0.75,0.3,0.5,1625,0,215.88,86.715
0.1,0.05,0.2,21,0.75,0.3,0.5,2000,0,265.71,86.715
0.1,0.05,0.2,21,0.75,0.3,0.75,500,0,66.427,86.715
0.1,0.05,0.2,21,0.75,0.3,0.75,875,0,116.25,86.715
0.1,0.05,0.2,21,0.75,0.3,0.75,1250,0,166.07,86.715
0.1,0.05,0.2,21,0.75,0.3,0.75,1625,0,215.89,86.715
0.1,0.05,0.2,21,0.75,0.3,0.75,2000,0,265.71,86.715
0.1,0.05,0.2,21,0.75,0.3,1,500,0,66.427,86.715
0.1,0.05,0.2,21,0.75,0.3,1,875,0,116.25,86.715
0.1,0.05,0.2,21,0.75,0.3,1,1250,0,166.07,86.715
0.1,0.05,0.2,21,0.75,0.3,1,1625,0,215.89,86.715
0.1,0.05,0.2,21,0.75,0.3,1,2000,0,265.71,86.715
0.1,0.05,0.2,21,0.75,0.3,1.25,500,0,66.427,86.715
0.1,0.05,0.2,21,0.75,0.3,1.25,875,0,116.25,86.715
0.1,0.05,0.2,21,0.75,0.3,1.25,1250,0,166.06,86.715
"when rhf,K,Uave_dia,c0_dia are varied",,,,,,,,,,
0.1,0.05,0.2,21,0.5,0.3,0.8,500,0,59.838,88.032
0.1,0.05,0.2,21,0.5,0.3,0.8,875,0,104.72,88.032
0.1,0.05,0.2,21,0.5,0.3,0.8,1250,0,149.59,88.032
0.1,0.05,0.2,21,0.5,0.3,0.8,1625,0,194.47,88.032
0.1,0.05,0.2,21,0.5,0.3,0.8,2000,0,239.35,88.032
0.1,0.05,0.2,21,0.5,0.475,0.8,500,0,71.462,85.708
0.1,0.05,0.2,21,0.5,0.475,0.8,875,0,125.06,85.708
0.1,0.05,0.2,21,0.5,0.475,0.8,1250,0,178.65,85.708
0.1,0.05,0.2,21,0.5,0.475,0.8,1625,0,232.25,85.708
0.1,0.05,0.2,21,0.5,0.475,0.8,2000,0,285.85,85.708
0.1,0.05,0.2,21,0.5,0.65,0.8,500,0,88.462,82.308
0.1,0.05,0.2,21,0.5,0.65,0.8,875,0,154.81,82.308
0.1,0.05,0.2,21,0.5,0.65,0.8,1250,0,221.15,82.308
0.1,0.05,0.2,21,0.5,0.65,0.8,1625,0,287.5,82.308
0.1,0.05,0.2,21,0.5,0.65,0.8,2000,0,353.85,82.308
0.1,0.05,0.2,21,0.5,0.825,0.8,500,0,108.3,78.34
0.1,0.05,0.2,21,0.5,0.825,0.8,875,0,189.52,78.34
0.1,0.05,0.2,21,0.5,0.825,0.8,1250,0,270.75,78.34
0.1,0.05,0.2,21,0.5,0.825,0.8,1625,0,351.97,78.34
0.1,0.05,0.2,21,0.5,0.825,0.8,2000,0,433.2,78.34
0.1,0.05,0.2,21,0.5,1,0.8,500,0,128.77,74.245
0.1,0.05,0.2,21,0.5,1,0.8,875,0,225.36,74.245
0.1,0.05,0.2,21,0.5,1,0.8,1250,0,321.94,74.245
0.1,0.05,0.2,21,0.5,1,0.8,1625,0,418.52,74.245
0.1,0.05,0.2,21,0.5,1,0.8,2000,0,515.1,74.245
0.1,0.05,0.2,21,0.75,0.3,0.8,500,0,58.958,88.208
0.1,0.05,0.2,21,0.75,0.3,0.8,875,0,103.18,88.208
0.1,0.05,0.2,21,0.75,0.3,0.8,1250,0,147.39,88.208
0.1,0.05,0.2,21,0.75,0.3,0.8,1625,0,191.61,88.208
0.1,0.05,0.2,21,0.75,0.3,0.8,2000,0,235.83,88.208
0.1,0.05,0.2,21,0.75,0.475,0.8,500,0,67.455,86.509
0.1,0.05,0.2,21,0.75,0.475,0.8,875,0,118.05,86.509
0.1,0.05,0.2,21,0.75,0.475,0.8,1250,0,168.64,86.509
0.1,0.05,0.2,21,0.75,0.475,0.8,1625,0,219.23,86.509
0.1,0.05,0.2,21,0.75,0.475,0.8,2000,0,269.82,86.509
0.1,0.05,0.2,21,0.75,0.65,0.8,500,0,79.658,84.068
0.1,0.05,0.2,21,0.75,0.65,0.8,875,0,139.4,84.068
0.1,0.05,0.2,21,0.75,0.65,0.8,1250,0,199.14,84.068
0.1,0.05,0.2,21,0.75,0.65,0.8,1625,0,258.89,84.068
0.1,0.05,0.2,21,0.75,0.65,0.8,2000,0,318.63,84.068
0.1,0.05,0.2,21,0.75,0.825,0.8,500,0,94.644,81.071
0.1,0.05,0.2,21,0.75,0.825,0.8,875,0,165.63,81.071
0.1,0.05,0.2,21,0.75,0.825,0.8,1250,0,236.61,81.071
0.1,0.05,0.2,21,0.75,0.825,0.8,1625,0,307.59,81.071
0.1,0.05,0.2,21,0.75,0.825,0.8,2000,0,378.58,81.071
0.1,0.05,0.2,21,0.75,1,0.8,500,0,111,77.799
0.1,0.05,0.2,21,0.75,1,0.8,875,0,194.26,77.799
0.1,0.05,0.2,21,0.75,1,0.8,1250,0,277.51,77.799
0.1,0.05,0.2,21,0.75,1,0.8,1625,0,360.76,77.799
0.1,0.05,0.2,21,0.75,1,0.8,2000,0,444.02,77.799
0.1,0.05,0.2,21,1,0.3,0.8,500,0,58.637,88.273
0.1,0.05,0.2,21,1,0.3,0.8,875,0,102.62,88.273
0.1,0.05,0.2,21,1,0.3,0.8,1250,0,146.59,88.273
0.1,0.05,0.2,21,1,0.3,0.8,1625,0,190.57,88.273
0.1,0.05,0.2,21,1,0.3,0.8,2000,0,234.55,88.273
0.1,0.05,0.2,21,1,0.475,0.8,500,0,66.015,86.797
0.1,0.05,0.2,21,1,0.475,0.8,875,0,115.53,86.797
0.1,0.05,0.2,21,1,0.475,0.8,1250,0,165.04,86.797
0.1,0.05,0.2,21,1,0.475,0.8,1625,0,214.55,86.797
0.1,0.05,0.2,21,1,0.475,0.8,2000,0,264.06,86.797
0.1,0.05,0.2,21,1,0.65,0.8,500,0,76.186,84.763
0.1,0.05,0.2,21,1,0.65,0.8,875,0,133.33,84.763
0.1,0.05,0.2,21,1,0.65,0.8,1250,0,190.47,84.763
0.1,0.05,0.2,21,1,0.65,0.8,1625,0,247.6,84.763
0.1,0.05,0.2,21,1,0.65,0.8,2000,0,304.74,84.763
0.1,0.05,0.2,21,1,0.825,0.8,500,0,88.798,82.24
0.1,0.05,0.2,21,1,0.825,0.8,875,0,155.4,82.24
0.1,0.05,0.2,21,1,0.825,0.8,1250,0,221.99,82.24
0.1,0.05,0.2,21,1,0.825,0.8,1625,0,288.59,82.24
0.1,0.05,0.2,21,1,0.825,0.8,2000,0,355.19,82.24
0.1,0.05,0.2,21,1,1,0.8,500,0,102.9,79.42
0.1,0.05,0.2,21,1,1,0.8,875,0,180.08,79.42
0.1,0.05,0.2,21,1,1,0.8,1250,0,257.25,79.42
0.1,0.05,0.2,21,1,1,0.8,1625,0,334.43,79.42
0.1,0.05,0.2,21,1,1,0.8,2000,0,411.61,79.42
0.1,0.05,0.2,21,1.25,0.3,0.8,500,0,58.471,88.306
0.1,0.05,0.2,21,1.25,0.3,0.8,875,0,102.33,88.306
0.1,0.05,0.2,21,1.25,0.3,0.8,1250,0,146.18,88.306
0.1,0.05,0.2,21,1.25,0.3,0.8,1625,0,190.03,88.306
0.1,0.05,0.2,21,1.25,0.3,0.8,2000,0,233.89,88.306
0.1,0.05,0.2,21,1.25,0.475,0.8,500,0,65.307,86.939
0.1,0.05,0.2,21,1.25,0.475,0.8,875,0,114.29,86.939
0.1,0.05,0.2,21,1.25,0.475,0.8,1250,0,163.27,86.939
0.1,0.05,0.2,21,1.25,0.475,0.8,1625,0,212.25,86.939
0.1,0.05,0.2,21,1.25,0.475,0.8,2000,0,261.23,86.939
0.1,0.05,0.2,21,1.25,0.65,0.8,500,0,74.421,85.116
0.1,0.05,0.2,21,1.25,0.65,0.8,875,0,130.24,85.116
0.1,0.05,0.2,21,1.25,0.65,0.8,1250,0,186.04,85.117
0.1,0.05,0.2,21,1.25,0.65,0.8,1625,0,241.87,85.116
0.1,0.05,0.2,21,1.25,0.65,0.8,2000,0,297.68,85.116
0.1,0.05,0.2,21,1.25,0.825,0.8,500,0,85.69,82.862
0.1,0.05,0.2,21,1.25,0.825,0.8,875,0,149.96,82.862
0.1,0.05,0.2,21,1.25,0.825,0.8,1250,0,214.23,82.862
0.1,0.05,0.2,21,1.25,0.825,0.8,1625,0,278.49,82.862
0.1,0.05,0.2,21,1.25,0.825,0.8,2000,0,342.76,82.862
0.1,0.05,0.2,21,1.25,1,0.8,500,0,98.43,80.314
0.1,0.05,0.2,21,1.25,1,0.8,875,0,172.25,80.314
0.1,0.05,0.2,21,1.25,1,0.8,1250,0,246.07,80.314
0.1,0.05,0.2,21,1.25,1,0.8,1625,0,319.9,80.314
0.1,0.05,0.2,21,1.25,1,0.8,2000,0,393.72,80.314
0.1,0.05,0.2,21,1.5,0.3,0.8,500,0,58.37,88.326
0.1,0.05,0.2,21,1.5,0.3,0.8,875,0,102.14,88.326
0.1,0.05,0.2,21,1.5,0.3,0.8,1250,0,145.92,88.326
0.1,0.05,0.2,21,1.5,0.3,0.8,1625,0,189.7,88.326
0.1,0.05,0.2,21,1.5,0.3,0.8,2000,0,233.48,88.326
0.1,0.05,0.2,21,1.5,0.475,0.8,500,0,64.893,87.021
0.1,0.05,0.2,21,1.5,0.475,0.8,875,0,113.56,87.021
0.1,0.05,0.2,21,1.5,0.475,0.8,1250,0,162.23,87.021
0.1,0.05,0.2,21,1.5,0.475,0.8,1625,0,210.89,87.022
0.1,0.05,0.2,21,1.5,0.475,0.8,2000,0,259.57,87.021
0.1,0.05,0.2,21,1.5,0.65,0.8,500,0,73.374,85.325
0.1,0.05,0.2,21,1.5,0.65,0.8,875,0,128.41,85.325
0.1,0.05,0.2,21,1.5,0.65,0.8,1250,0,183.44,85.325
0.1,0.05,0.2,21,1.5,0.65,0.8,1625,0,238.47,85.325
0.1,0.05,0.2,21,1.5,0.65,0.8,2000,0,293.5,85.325
0.1,0.05,0.2,21,1.5,0.825,0.8,500,0,83.801,83.24
0.1,0.05,0.2,21,1.5,0.825,0.8,875,0,146.65,83.24
0.1,0.05,0.2,21,1.5,0.825,0.8,1250,0,209.5,83.24
0.1,0.05,0.2,21,1.5,0.825,0.8,1625,0,272.35,83.24
0.1,0.05,0.2,21,1.5,0.825,0.8,2000,0,335.2,83.24
0.1,0.05,0.2,21,1.5,1,0.8,500,0,95.644,80.871
0.1,0.05,0.2,21,1.5,1,0.8,875,0,167.38,80.871
0.1,0.05,0.2,21,1.5,1,0.8,1250,0,239.11,80.871
0.1,0.05,0.2,21,1.5,1,0.8,1625,0,310.84,80.871
0.1,0.05,0.2,21,1.5,1,0.8,2000,0,382.58,80.871
0.175,0.05,0.2,21,0.5,0.3,0.8,500,0,93.561,81.288
0.175,0.05,0.2,21,0.5,0.3,0.8,875,0,163.73,81.288
0.175,0.05,0.2,21,0.5,0.3,0.8,1250,0,233.9,81.288
0.175,0.05,0.2,21,0.5,0.3,0.8,1625,0,304.07,81.288
0.175,0.05,0.2,21,0.5,0.3,0.8,2000,0,374.24,81.288
0.175,0.05,0.2,21,0.5,0.475,0.8,500,0,139.21,72.158
0.175,0.05,0.2,21,0.5,0.475,0.8,875,0,243.62,72.158
0.175,0.05,0.2,21,0.5,0.475,0.8,1250,0,348.03,72.158
0.175,0.05,0.2,21,0.5,0.475,0.8,1625,0,452.44,72.158
0.175,0.05,0.2,21,0.5,0.475,0.8,2000,0,556.85,72.158
0.175,0.05,0.2,21,0.5,0.65,0.8,500,0,180.46,63.908
0.175,0.05,0.2,21,0.5,0.65,0.8,875,0,315.81,63.908
0.175,0.05,0.2,21,0.5,0.65,0.8,1250,0,451.15,63.908
0.175,0.05,0.2,21,0.5,0.65,0.8,1625,0,586.5,63.908
0.175,0.05,0.2,21,0.5,0.65,0.8,2000,0,721.84,63.908
0.175,0.05,0.2,21,0.5,0.825,0.8,500,0,214.39,57.122
0.175,0.05,0.2,21,0.5,0.825,0.8,875,0,375.16,57.125
0.175,0.05,0.2,21,0.5,0.825,0.8,1250,0,535.97,57.122
0.175,0.05,0.2,21,0.5,0.825,0.8,1625,0,696.76,57.122
0.175,0.05,0.2,21,0.5,0.825,0.8,2000,0,857.55,57.122
0.175,0.05,0.2,21,0.5,1,0.8,500,0,241.88,51.624
0.175,0.05,0.2,21,0.5,1,0.8,875,0,423.29,51.624
0.175,0.05,0.2,21,0.5,1,0.8,1250,0,604.7,51.624
0.175,0.05,0.2,21,0.5,1,0.8,1625,0,786.11,51.624
0.175,0.05,0.2,21,0.5,1,0.8,2000,0,967.52,51.624
0.175,0.05,0.2,21,0.75,0.3,0.8,500,0,85.213,82.957
0.175,0.05,0.2,21,0.75,0.3,0.8,875,0,149.12,82.957
0.175,0.05,0.2,21,0.75,0.3,0.8,1250,0,213.03,82.957
0.175,0.05,0.2,21,0.75,0.3,0.8,1625,0,276.94,82.957
0.175,0.05,0.2,21,0.75,0.3,0.8,2000,0,340.85,82.957
0.175,0.05,0.2,21,0.75,0.475,0.8,500,0,122.96,75.408
0.175,0.05,0.2,21,0.75,0.475,0.8,875,0,215.18,75.408
0.175,0.05,0.2,21,0.75,0.475,0.8,1250,0,307.4,75.408
0.175,0.05,0.2,21,0.75,0.475,0.8,1625,0,399.63,75.408
0.175,0.05,0.2,21,0.75,0.475,0.8,2000,0,491.85,75.408
0.175,0.05,0.2,21,0.75,0.65,0.8,500,0,159.89,68.022
0.175,0.05,0.2,21,0.75,0.65,0.8,875,0,279.81,68.022
0.175,0.05,0.2,21,0.75,0.65,0.8,1250,0,399.73,68.022
0.175,0.05,0.2,21,0.75,0.65,0.8,1625,0,519.65,68.022
0.175,0.05,0.2,21,0.75,0.65,0.8,2000,0,639.56,68.022
0.175,0.05,0.2,21,0.75,0.825,0.8,500,0,191.86,61.627
0.175,0.05,0.2,21,0.75,0.825,0.8,875,0,335.76,61.627
0.175,0.05,0.2,21,0.75,0.825,0.8,1250,0,479.66,61.627
0.175,0.05,0.2,21,0.75,0.825,0.8,1625,0,623.55,61.627
0.175,0.05,0.2,21,0.75,0.825,0.8,2000,0,767.45,61.627
0.175,0.05,0.2,21,0.75,1,0.8,500,0,218.67,56.266
0.175,0.05,0.2,21,0.75,1,0.8,875,0,382.67,56.266
0.175,0.05,0.2,21,0.75,1,0.8,1250,0,546.67,56.266
0.175,0.05,0.2,21,0.75,1,0.8,1625,0,710.67,56.266
0.175,0.05,0.2,21,0.75,1,0.8,2000,0,874.68,56.266
0.175,0.05,0.2,21,1,0.3,0.8,500,0,81.713,83.657
0.175,0.05,0.2,21,1,0.3,0.8,875,0,143,83.657
0.175,0.05,0.2,21,1,0.3,0.8,1250,0,204.28,83.657
0.175,0.05,0.2,21,1,0.3,0.8,1625,0,265.57,83.657
0.175,0.05,0.2,21,1,0.3,0.8,2000,0,326.85,83.657
0.175,0.05,0.2,21,1,0.475,0.8,500,0,115.26,76.948
0.175,0.05,0.2,21,1,0.475,0.8,875,0,201.71,76.948
0.175,0.05,0.2,21,1,0.475,0.8,1250,0,288.15,76.948
0.175,0.05,0.2,21,1,0.475,0.8,1625,0,374.6,76.948
0.175,0.05,0.2,21,1,0.475,0.8,2000,0,461.04,76.948
0.175,0.05,0.2,21,1,0.65,0.8,500,0,149.46,70.107
0.175,0.05,0.2,21,1,0.65,0.8,875,0,261.56,70.107
0.175,0.05,0.2,21,1,0.65,0.8,1250,0,373.66,70.107
0.175,0.05,0.2,21,1,0.65,0.8,1625,0,485.75,70.107
0.175,0.05,0.2,21,1,0.65,0.8,2000,0,597.85,70.107
0.175,0.05,0.2,21,1,0.825,0.8,500,0,179.96,64.008
0.175,0.05,0.2,21,1,0.825,0.8,875,0,314.93,64.008
0.175,0.05,0.2,21,1,0.825,0.8,1250,0,449.9,64.008
0.175,0.05,0.2,21,1,0.825,0.8,1625,0,584.87,64.008
0.175,0.05,0.2,21,1,0.825,0.8,2000,0,719.84,64.008
0.175,0.05,0.2,21,1,1,0.8,500,0,206.06,58.788
0.175,0.05,0.2,21,1,1,0.8,875,0,360.6,58.788
0.175,0.05,0.2,21,1,1,0.8,1250,0,515.14,58.788
0.175,0.05,0.2,21,1,1,0.8,1625,0,669.69,58.788
0.175,0.05,0.2,21,1,1,0.8,2000,0,824.23,58.788
0.175,0.05,0.2,21,1.25,0.3,0.8,500,0,79.85,84.03
0.175,0.05,0.2,21,1.25,0.3,0.8,875,0,139.74,84.03
0.175,0.05,0.2,21,1.25,0.3,0.8,1250,0,199.63,84.03
0.175,0.05,0.2,21,1.25,0.3,0.8,1625,0,259.51,84.03
0.175,0.05,0.2,21,1.25,0.3,0.8,2000,0,319.4,84.03
0.175,0.05,0.2,21,1.25,0.475,0.8,500,0,110.86,77.827
0.175,0.05,0.2,21,1.25,0.475,0.8,875,0,194.01,77.827
0.175,0.05,0.2,21,1.25,0.475,0.8,1250,0,277.16,77.827
0.175,0.05,0.2,21,1.25,0.475,0.8,1625,0,360.31,77.827
0.175,0.05,0.2,21,1.25,0.475,0.8,2000,0,443.45,77.827
0.175,0.05,0.2,21,1.25,0.65,0.8,500,0,143.25,71.349
0.175,0.05,0.2,21,1.25,0.65,0.8,875,0,250.7,71.349
0.175,0.05,0.2,21,1.25,0.65,0.8,1250,0,358.14,71.349
0.175,0.05,0.2,21,1.25,0.65,0.8,1625,0,465.58,71.349
0.175,0.05,0.2,21,1.25,0.65,0.8,2000,0,573.02,71.349
0.175,0.05,0.2,21,1.25,0.825,0.8,500,0,172.69,65.463
0.175,0.05,0.2,21,1.25,0.825,0.8,875,0,302.2,65.463
0.175,0.05,0.2,21,1.25,0.825,0.8,1250,0,431.71,65.463
0.175,0.05,0.2,21,1.25,0.825,0.8,1625,0,561.23,65.463
0.175,0.05,0.2,21,1.25,0.825,0.8,2000,0,690.74,65.463
0.175,0.05,0.2,21,1.25,1,0.8,500,0,198.21,60.358
0.175,0.05,0.2,21,1.25,1,0.8,875,0,346.87,60.358
0.175,0.05,0.2,21,1.25,1,0.8,1250,0,495.52,60.358
0.175,0.05,0.2,21,1.25,1,0.8,1625,0,644.18,60.358
0.175,0.05,0.2,21,1.25,1,0.8,2000,0,792.84,60.358
0.175,0.05,0.2,21,1.5,0.3,0.8,500,0,78.71,84.258
0.175,0.05,0.2,21,1.5,0.3,0.8,875,0,137.74,84.258
0.175,0.05,0.2,21,1.5,0.3,0.8,1250,0,196.78,84.258
0.175,0.05,0.2,21,1.5,0.3,0.8,1625,0,255.81,84.258
0.175,0.05,0.2,21,1.5,0.3,0.8,2000,0,314.84,84.258
0.175,0.05,0.2,21,1.5,0.475,0.8,500,0,108.05,78.39
0.175,0.05,0.2,21,1.5,0.475,0.8,875,0,189.09,78.39
0.175,0.05,0.2,21,1.5,0.475,0.8,1250,0,270.12,78.39
0.175,0.05,0.2,21,1.5,0.475,0.8,1625,0,351.16,78.39
0.175,0.05,0.2,21,1.5,0.475,0.8,2000,0,432.19,78.39
0.175,0.05,0.2,21,1.5,0.65,0.8,500,0,139.17,72.167
0.175,0.05,0.2,21,1.5,0.65,0.8,875,0,243.54,72.167
0.175,0.05,0.2,21,1.5,0.65,0.8,1250,0,347.91,72.167
0.175,0.05,0.2,21,1.5,0.65,0.8,1625,0,452.29,72.167
0.175,0.05,0.2,21,1.5,0.65,0.8,2000,0,556.66,72.167
0.175,0.05,0.2,21,1.5,0.825,0.8,500,0,167.81,66.439
0.175,0.05,0.2,21,1.5,0.825,0.8,875,0,293.66,66.439
0.175,0.05,0.2,21,1.5,0.825,0.8,1250,0,419.52,66.439
0.175,0.05,0.2,21,1.5,0.825,0.8,1625,0,545.37,66.439
0.175,0.05,0.2,21,1.5,0.825,0.8,2000,0,671.22,66.439
0.175,0.05,0.2,21,1.5,1,0.8,500,0,192.88,61.424
0.175,0.05,0.2,21,1.5,1,0.8,875,0,337.54,61.424
0.175,0.05,0.2,21,1.5,1,0.8,1250,0,482.2,61.424
0.175,0.05,0.2,21,1.5,1,0.8,1625,0,626.86,61.424
0.175,0.05,0.2,21,1.5,1,0.8,2000,0,771.52,61.424
0.25,0.05,0.2,21,0.5,0.3,0.8,500,0,147.03,70.594
0.25,0.05,0.2,21,0.5,0.3,0.8,875,0,257.3,70.594
0.25,0.05,0.2,21,0.5,0.3,0.8,1250,0,367.58,70.594
0.25,0.05,0.2,21,0.5,0.3,0.8,1625,0,477.85,70.594
0.25,0.05,0.2,21,0.5,0.3,0.8,2000,0,588.12,70.594
0.25,0.05,0.2,21,0.5,0.475,0.8,500,0,209.11,58.177
0.25,0.05,0.2,21,0.5,0.475,0.8,875,0,365.95,58.177
0.25,0.05,0.2,21,0.5,0.475,0.8,1250,0,522.79,58.177
0.25,0.05,0.2,21,0.5,0.475,0.8,1625,0,679.62,58.177
0.25,0.05,0.2,21,0.5,0.475,0.8,2000,0,836.46,58.177
0.25,0.05,0.2,21,0.5,0.65,0.8,500,0,252.72,49.456
0.25,0.05,0.2,21,0.5,0.65,0.8,875,0,442.26,49.456
0.25,0.05,0.2,21,0.5,0.65,0.8,1250,0,631.81,49.456
0.25,0.05,0.2,21,0.5,0.65,0.8,1625,0,821.35,49.456
0.25,0.05,0.2,21,0.5,0.65,0.8,2000,0,1010.9,49.456
0.25,0.05,0.2,21,0.5,0.825,0.8,500,0,283.9,43.22
0.25,0.05,0.2,21,0.5,0.825,0.8,875,0,496.83,43.22
0.25,0.05,0.2,21,0.5,0.825,0.8,1250,0,709.75,43.22
0.25,0.05,0.2,21,0.5,0.825,0.8,1625,0,922.68,43.22
0.25,0.05,0.2,21,0.5,0.825,0.8,2000,0,1135.6,43.22
0.25,0.05,0.2,21,0.5,1,0.8,500,0,307.08,38.585
0.25,0.05,0.2,21,0.5,1,0.8,875,0,537.38,38.585
0.25,0.05,0.2,21,0.5,1,0.8,1250,0,767.69,38.585
0.25,0.05,0.2,21,0.5,1,0.8,1625,0,998,38.585
0.25,0.05,0.2,21,0.5,1,0.8,2000,0,1228.3,38.585
0.25,0.05,0.2,21,0.75,0.3,0.8,500,0,131.87,73.626
0.25,0.05,0.2,21,0.75,0.3,0.8,875,0,230.77,73.626
0.25,0.05,0.2,21,0.75,0.3,0.8,1250,0,329.67,73.626
0.25,0.05,0.2,21,0.75,0.3,0.8,1625,0,428.57,73.626
0.25,0.05,0.2,21,0.75,0.3,0.8,2000,0,527.47,73.626
0.25,0.05,0.2,21,0.75,0.475,0.8,500,0,189.58,62.085
0.25,0.05,0.2,21,0.75,0.475,0.8,875,0,331.76,62.085
0.25,0.05,0.2,21,0.75,0.475,0.8,1250,0,473.94,62.085
0.25,0.05,0.2,21,0.75,0.475,0.8,1625,0,616.12,62.085
0.25,0.05,0.2,21,0.75,0.475,0.8,2000,0,758.3,62.085
0.25,0.05,0.2,21,0.75,0.65,0.8,500,0,232.34,53.532
0.25,0.05,0.2,21,0.75,0.65,0.8,875,0,406.59,53.532
0.25,0.05,0.2,21,0.75,0.65,0.8,1250,0,580.85,53.532
0.25,0.05,0.2,21,0.75,0.65,0.8,1625,0,755.1,53.532
0.25,0.05,0.2,21,0.75,0.65,0.8,2000,0,929.36,53.532
0.25,0.05,0.2,21,0.75,0.825,0.8,500,0,263.84,47.232
0.25,0.05,0.2,21,0.75,0.825,0.8,875,0,461.72,47.232
0.25,0.05,0.2,21,0.75,0.825,0.8,1250,0,659.59,47.232
0.25,0.05,0.2,21,0.75,0.825,0.8,1625,0,857.47,47.232
0.25,0.05,0.2,21,0.75,0.825,0.8,2000,0,1055.4,47.232
0.25,0.05,0.2,21,0.75,1,0.8,500,0,287.69,42.462
0.25,0.05,0.2,21,0.75,1,0.8,875,0,503.46,42.462
0.25,0.05,0.2,21,0.75,1,0.8,1250,0,719.23,42.462
0.25,0.05,0.2,21,0.75,1,0.8,1625,0,934.99,42.462
0.25,0.05,0.2,21,0.75,1,0.8,2000,0,1150.8,42.462
0.25,0.05,0.2,21,1,0.3,0.8,500,0,124.52,75.096
0.25,0.05,0.2,21,1,0.3,0.8,875,0,217.91,75.096
0.25,0.05,0.2,21,1,0.3,0.8,1250,0,311.31,75.096
0.25,0.05,0.2,21,1,0.3,0.8,1625,0,404.7,75.096
0.25,0.05,0.2,21,1,0.3,0.8,2000,0,498.09,75.096
0.25,0.05,0.2,21,1,0.475,0.8,500,0,179.37,64.126
0.25,0.05,0.2,21,1,0.475,0.8,875,0,313.9,64.126
0.25,0.05,0.2,21,1,0.475,0.8,1250,0,448.42,64.126
0.25,0.05,0.2,21,1,0.475,0.8,1625,0,582.95,64.126
0.25,0.05,0.2,21,1,0.475,0.8,2000,0,717.48,64.126
0.25,0.05,0.2,21,1,0.65,0.8,500,0,221.29,55.743
0.25,0.05,0.2,21,1,0.65,0.8,875,0,387.25,55.743
0.25,0.05,0.2,21,1,0.65,0.8,1250,0,553.22,55.743
0.25,0.05,0.2,21,1,0.65,0.8,1625,0,719.18,55.743
0.25,0.05,0.2,21,1,0.65,0.8,2000,0,885.14,55.743
0.25,0.05,0.2,21,1,0.825,0.8,500,0,252.71,49.458
0.25,0.05,0.2,21,1,0.825,0.8,875,0,442.24,49.458
0.25,0.05,0.2,21,1,0.825,0.8,1250,0,631.77,49.458
0.25,0.05,0.2,21,1,0.825,0.8,1625,0,821.3,49.458
0.25,0.05,0.2,21,1,0.825,0.8,2000,0,1010.8,49.458
0.25,0.05,0.2,21,1,1,0.8,500,0,276.77,44.646
0.25,0.05,0.2,21,1,1,0.8,875,0,484.35,44.646
0.25,0.05,0.2,21,1,1,0.8,1250,0,691.93,44.646
0.25,0.05,0.2,21,1,1,0.8,1625,0,899.51,44.646
0.25,0.05,0.2,21,1,1,0.8,2000,0,1107.1,44.646
0.25,0.05,0.2,21,1.25,0.3,0.8,500,0,120.25,75.95
0.25,0.05,0.2,21,1.25,0.3,0.8,875,0,210.44,75.95
0.25,0.05,0.2,21,1.25,0.3,0.8,1250,0,300.63,75.95
0.25,0.05,0.2,21,1.25,0.3,0.8,1625,0,390.82,75.95
0.25,0.05,0.2,21,1.25,0.3,0.8,2000,0,481.01,75.95
0.25,0.05,0.2,21,1.25,0.475,0.8,500,0,173.15,65.369
0.25,0.05,0.2,21,1.25,0.475,0.8,875,0,303.02,65.369
0.25,0.05,0.2,21,1.25,0.475,0.8,1250,0,432.89,65.369
0.25,0.05,0.2,21,1.25,0.475,0.8,1625,0,562.75,65.369
0.25,0.05,0.2,21,1.25,0.475,0.8,2000,0,692.62,65.369
0.25,0.05,0.2,21,1.25,0.65,0.8,500,0,214.4,57.121
0.25,0.05,0.2,21,1.25,0.65,0.8,875,0,375.19,57.121
0.25,0.05,0.2,21,1.25,0.65,0.8,1250,0,535.99,57.121
0.25,0.05,0.2,21,1.25,0.65,0.8,1625,0,696.78,57.121
0.25,0.05,0.2,21,1.25,0.65,0.8,2000,0,857.58,57.121
0.25,0.05,0.2,21,1.25,0.825,0.8,500,0,245.67,50.866
0.25,0.05,0.2,21,1.25,0.825,0.8,875,0,429.93,50.866
0.25,0.05,0.2,21,1.25,0.825,0.8,1250,0,614.18,50.866
0.25,0.05,0.2,21,1.25,0.825,0.8,1625,0,798.43,50.866
0.25,0.05,0.2,21,1.25,0.825,0.8,2000,0,982.69,50.866
0.25,0.05,0.2,21,1.25,1,0.8,500,0,269.8,46.04
0.25,0.05,0.2,21,1.25,1,0.8,875,0,472.15,46.04
0.25,0.05,0.2,21,1.25,1,0.8,1250,0,674.5,46.04
0.25,0.05,0.2,21,1.25,1,0.8,1625,0,876.85,46.04
0.25,0.05,0.2,21,1.25,1,0.8,2000,0,1079.2,46.04
0.25,0.05,0.2,21,1.5,0.3,0.8,500,0,117.48,76.505
0.25,0.05,0.2,21,1.5,0.3,0.8,875,0,205.59,76.505
0.25,0.05,0.2,21,1.5,0.3,0.8,1250,0,293.69,76.505
0.25,0.05,0.2,21,1.5,0.3,0.8,1625,0,381.8,76.505
0.25,0.05,0.2,21,1.5,0.3,0.8,2000,0,469.91,76.505
0.25,0.05,0.2,21,1.5,0.475,0.8,500,0,168.99,66.202
0.25,0.05,0.2,21,1.5,0.475,0.8,875,0,295.73,66.202
0.25,0.05,0.2,21,1.5,0.475,0.8,1250,0,422.47,66.202
0.25,0.05,0.2,21,1.5,0.475,0.8,1625,0,549.21,66.202
0.25,0.05,0.2,21,1.5,0.475,0.8,2000,0,675.96,66.202
0.25,0.05,0.2,21,1.5,0.65,0.8,500,0,209.7,58.06
0.25,0.05,0.2,21,1.5,0.65,0.8,875,0,366.98,58.06
0.25,0.05,0.2,21,1.5,0.65,0.8,1250,0,524.26,58.06
0.25,0.05,0.2,21,1.5,0.65,0.8,1625,0,681.53,58.06
0.25,0.05,0.2,21,1.5,0.65,0.8,2000,0,838.81,58.06
0.25,0.05,0.2,21,1.5,0.825,0.8,500,0,240.83,51.834
0.25,0.05,0.2,21,1.5,0.825,0.8,875,0,421.45,51.834
0.25,0.05,0.2,21,1.5,0.825,0.8,1250,0,602.08,51.834
0.25,0.05,0.2,21,1.5,0.825,0.8,1625,0,782.7,51.834
0.25,0.05,0.2,21,1.5,0.825,0.8,2000,0,963.3,51.835
0.25,0.05,0.2,21,1.5,1,0.8,500,0,264.97,47.005
0.25,0.05,0.2,21,1.5,1,0.8,875,0,463.7,47.005
0.25,0.05,0.2,21,1.5,1,0.8,1250,0,662.43,47.005
0.25,0.05,0.2,21,1.5,1,0.8,1625,0,861.16,47.005
0.25,0.05,0.2,21,1.5,1,0.8,2000,0,1059.9,47.005
0.325,0.05,0.2,21,0.5,0.3,0.8,500,0,197.85,60.43
0.325,0.05,0.2,21,0.5,0.3,0.8,875,0,346.24,60.43
0.325,0.05,0.2,21,0.5,0.3,0.8,1250,0,494.63,60.43
0.325,0.05,0.2,21,0.5,0.3,0.8,1625,0,643.02,60.43
0.325,0.05,0.2,21,0.5,0.3,0.8,2000,0,791.41,60.43
0.325,0.05,0.2,21,0.5,0.475,0.8,500,0,260.29,47.943
0.325,0.05,0.2,21,0.5,0.475,0.8,875,0,455.5,47.943
0.325,0.05,0.2,21,0.5,0.475,0.8,1250,0,650.72,47.943
0.325,0.05,0.2,21,0.5,0.475,0.8,1625,0,845.93,47.943
0.325,0.05,0.2,21,0.5,0.475,0.8,2000,0,1041.1,47.943
0.325,0.05,0.2,21,0.5,0.65,0.8,500,0,298.89,40.221
0.325,0.05,0.2,21,0.5,0.65,0.8,875,0,523.06,40.221
0.325,0.05,0.2,21,0.5,0.65,0.8,1250,0,747.23,40.221
0.325,0.05,0.2,21,0.5,0.65,0.8,1625,0,971.4,40.221
0.325,0.05,0.2,21,0.5,0.65,0.8,2000,0,1195.6,40.221
0.325,0.05,0.2,21,0.5,0.825,0.8,500,0,324.9,35.02
0.325,0.05,0.2,21,0.5,0.825,0.8,875,0,568.58,35.02
0.325,0.05,0.2,21,0.5,0.825,0.8,1250,0,812.24,35.021
0.325,0.05,0.2,21,0.5,0.825,0.8,1625,0,1055.9,35.02
0.325,0.05,0.2,21,0.5,0.825,0.8,2000,0,1299.6,35.02
0.325,0.05,0.2,21,0.5,1,0.8,500,0,343.7,31.26
0.325,0.05,0.2,21,0.5,1,0.8,875,0,601.48,31.26
0.325,0.05,0.2,21,0.5,1,0.8,1250,0,859.25,31.26
0.325,0.05,0.2,21,0.5,1,0.8,1625,0,1117,31.26
0.325,0.05,0.2,21,0.5,1,0.8,2000,0,1374.8,31.26
0.325,0.05,0.2,21,0.75,0.3,0.8,500,0,180.71,63.859
0.325,0.05,0.2,21,0.75,0.3,0.8,875,0,316.23,63.859
0.325,0.05,0.2,21,0.75,0.3,0.8,1250,0,451.76,63.859
0.325,0.05,0.2,21,0.75,0.3,0.8,1625,0,587.29,63.859
0.325,0.05,0.2,21,0.75,0.3,0.8,2000,0,722.82,63.859
0.325,0.05,0.2,21,0.75,0.475,0.8,500,0,241.96,51.608
0.325,0.05,0.2,21,0.75,0.475,0.8,875,0,423.43,51.608
0.325,0.05,0.2,21,0.75,0.475,0.8,1250,0,604.9,51.608
0.325,0.05,0.2,21,0.75,0.475,0.8,1625,0,786.38,51.608
0.325,0.05,0.2,21,0.75,0.475,0.8,2000,0,967.85,51.608
0.325,0.05,0.2,21,0.75,0.65,0.8,500,0,281.17,43.766
0.325,0.05,0.2,21,0.75,0.65,0.8,875,0,492.05,43.766
0.325,0.05,0.2,21,0.75,0.65,0.8,1250,0,702.93,43.766
0.325,0.05,0.2,21,0.75,0.65,0.8,1625,0,913.81,43.766
0.325,0.05,0.2,21,0.75,0.65,0.8,2000,0,1124.7,43.766
0.325,0.05,0.2,21,0.75,0.825,0.8,500,0,308.07,38.385
0.325,0.05,0.2,21,0.75,0.825,0.8,875,0,539.13,38.385
0.325,0.05,0.2,21,0.75,0.825,0.8,1250,0,770.18,38.385
0.325,0.05,0.2,21,0.75,0.825,0.8,1625,0,1001.1,38.393
0.325,0.05,0.2,21,0.75,0.825,0.8,2000,0,1232.3,38.385
0.325,0.05,0.2,21,0.75,1,0.8,500,0,327.74,34.452
0.325,0.05,0.2,21,0.75,1,0.8,875,0,573.54,34.452
0.325,0.05,0.2,21,0.75,1,0.8,1250,0,819.34,34.452
0.325,0.05,0.2,21,0.75,1,0.8,1625,0,1065.1,34.452
0.325,0.05,0.2,21,0.75,1,0.8,2000,0,1311,34.452
0.325,0.05,0.2,21,1,0.3,0.8,500,0,171.87,65.626
0.325,0.05,0.2,21,1,0.3,0.8,875,0,300.77,65.626
0.325,0.05,0.2,21,1,0.3,0.8,1250,0,429.68,65.625
0.325,0.05,0.2,21,1,0.3,0.8,1625,0,558.58,65.626
0.325,0.05,0.2,21,1,0.3,0.8,2000,0,687.48,65.626
0.325,0.05,0.2,21,1,0.475,0.8,500,0,232.06,53.589
0.325,0.05,0.2,21,1,0.475,0.8,875,0,406.1,53.589
0.325,0.05,0.2,21,1,0.475,0.8,1250,0,580.14,53.589
0.325,0.05,0.2,21,1,0.475,0.8,1625,0,754.18,53.589
0.325,0.05,0.2,21,1,0.475,0.8,2000,0,928.22,53.589
0.325,0.05,0.2,21,1,0.65,0.8,500,0,271.36,45.728
0.325,0.05,0.2,21,1,0.65,0.8,875,0,474.88,45.728
0.325,0.05,0.2,21,1,0.65,0.8,1250,0,678.4,45.728
0.325,0.05,0.2,21,1,0.65,0.8,1625,0,881.92,45.728
0.325,0.05,0.2,21,1,0.65,0.8,2000,0,1085.4,45.728
0.325,0.05,0.2,21,1,0.825,0.8,500,0,298.62,40.277
0.325,0.05,0.2,21,1,0.825,0.8,875,0,522.58,40.277
0.325,0.05,0.2,21,1,0.825,0.8,1250,0,746.54,40.277
0.325,0.05,0.2,21,1,0.825,0.8,1625,0,970.5,40.277
0.325,0.05,0.2,21,1,0.825,0.8,2000,0,1194.5,40.277
0.325,0.05,0.2,21,1,1,0.8,500,0,318.67,36.265
0.325,0.05,0.2,21,1,1,0.8,875,0,557.68,36.265
0.325,0.05,0.2,21,1,1,0.8,1250,0,796.68,36.265
0.325,0.05,0.2,21,1,1,0.8,1625,0,1035.7,36.265
0.325,0.05,0.2,21,1,1,0.8,2000,0,1274.7,36.265
0.325,0.05,0.2,21,1.25,0.3,0.8,500,0,166.52,66.695
0.325,0.05,0.2,21,1.25,0.3,0.8,875,0,291.42,66.695
0.325,0.05,0.2,21,1.25,0.3,0.8,1250,0,416.3,66.696
0.325,0.05,0.2,21,1.25,0.3,0.8,1625,0,541.2,66.695
0.325,0.05,0.2,21,1.25,0.3,0.8,2000,0,666.09,66.695
0.325,0.05,0.2,21,1.25,0.475,0.8,500,0,225.88,54.824
0.325,0.05,0.2,21,1.25,0.475,0.8,875,0,395.29,54.824
0.325,0.05,0.2,21,1.25,0.475,0.8,1250,0,564.7,54.824
0.325,0.05,0.2,21,1.25,0.475,0.8,1625,0,734.11,54.824
0.325,0.05,0.2,21,1.25,0.475,0.8,2000,0,903.52,54.824
0.325,0.05,0.2,21,1.25,0.65,0.8,500,0,265.16,46.969
0.325,0.05,0.2,21,1.25,0.65,0.8,875,0,464.02,46.969
0.325,0.05,0.2,21,1.25,0.65,0.8,1250,0,662.89,46.969
0.325,0.05,0.2,21,1.25,0.65,0.8,1625,0,861.75,46.969
0.325,0.05,0.2,21,1.25,0.65,0.8,2000,0,1060.6,46.969
0.325,0.05,0.2,21,1.25,0.825,0.8,500,0,292.58,41.484
0.325,0.05,0.2,21,1.25,0.825,0.8,875,0,512.02,41.484
0.325,0.05,0.2,21,1.25,0.825,0.8,1250,0,731.45,41.484
0.325,0.05,0.2,21,1.25,0.825,0.8,1625,0,950.78,41.49
0.325,0.05,0.2,21,1.25,0.825,0.8,2000,0,1170.3,41.484
0.325,0.05,0.2,21,1.25,1,0.8,500,0,312.85,37.43
0.325,0.05,0.2,21,1.25,1,0.8,875,0,547.49,37.43
0.325,0.05,0.2,21,1.25,1,0.8,1250,0,782.12,37.43
0.325,0.05,0.2,21,1.25,1,0.8,1625,0,1016.8,37.43
0.325,0.05,0.2,21,1.25,1,0.8,2000,0,1251.4,37.43
0.325,0.05,0.2,21,1.5,0.3,0.8,500,0,162.95,67.41
0.325,0.05,0.2,21,1.5,0.3,0.8,875,0,285.16,67.41
0.325,0.05,0.2,21,1.5,0.3,0.8,1250,0,407.38,67.41
0.325,0.05,0.2,21,1.5,0.3,0.8,1625,0,529.59,67.41
0.325,0.05,0.2,21,1.5,0.3,0.8,2000,0,651.8,67.41
0.325,0.05,0.2,21,1.5,0.475,0.8,500,0,221.67,55.665
0.325,0.05,0.2,21,1.5,0.475,0.8,875,0,387.93,55.665
0.325,0.05,0.2,21,1.5,0.475,0.8,1250,0,554.18,55.665
0.325,0.05,0.2,21,1.5,0.475,0.8,1625,0,720.41,55.667
0.325,0.05,0.2,21,1.5,0.475,0.8,2000,0,886.69,55.665
0.325,0.05,0.2,21,1.5,0.65,0.8,500,0,260.88,47.823
0.325,0.05,0.2,21,1.5,0.65,0.8,875,0,456.55,47.823
0.325,0.05,0.2,21,1.5,0.65,0.8,1250,0,652.21,47.823
0.325,0.05,0.2,21,1.5,0.65,0.8,1625,0,847.8,47.828
0.325,0.05,0.2,21,1.5,0.65,0.8,2000,0,1043.5,47.823
0.325,0.05,0.2,21,1.5,0.825,0.8,500,0,288.4,42.32
0.325,0.05,0.2,21,1.5,0.825,0.8,875,0,504.7,42.32
0.325,0.05,0.2,21,1.5,0.825,0.8,1250,0,721,42.32
0.325,0.05,0.2,21,1.5,0.825,0.8,1625,0,937.19,42.327
0.325,0.05,0.2,21,1.5,0.825,0.8,2000,0,1153.6,42.32
0.325,0.05,0.2,21,1.5,1,0.8,500,0,308.8,38.24
0.325,0.05,0.2,21,1.5,1,0.8,875,0,540.4,38.24
0.325,0.05,0.2,21,1.5,1,0.8,1250,0,772,38.24
0.325,0.05,0.2,21,1.5,1,0.8,1625,0,1003.5,38.247
0.325,0.05,0.2,21,1.5,1,0.8,2000,0,1235.2,38.24
0.4,0.05,0.2,21,0.5,0.3,0.8,500,0,238.51,52.298
0.4,0.05,0.2,21,0.5,0.3,0.8,875,0,417.39,52.298
0.4,0.05,0.2,21,0.5,0.3,0.8,1250,0,596.27,52.298
0.4,0.05,0.2,21,0.5,0.3,0.8,1625,0,775.15,52.298
0.4,0.05,0.2,21,0.5,0.3,0.8,2000,0,954.04,52.298
0.4,0.05,0.2,21,0.5,0.475,0.8,500,0,295.51,40.897
0.4,0.05,0.2,21,0.5,0.475,0.8,875,0,517.15,40.897
0.4,0.05,0.2,21,0.5,0.475,0.8,1250,0,738.78,40.897
0.4,0.05,0.2,21,0.5,0.475,0.8,1625,0,960.42,40.897
0.4,0.05,0.2,21,0.5,0.475,0.8,2000,0,1182.1,40.897
0.4,0.05,0.2,21,0.5,0.65,0.8,500,0,328.69,34.261
0.4,0.05,0.2,21,0.5,0.65,0.8,875,0,575.21,34.261
0.4,0.05,0.2,21,0.5,0.65,0.8,1250,0,821.73,34.261
0.4,0.05,0.2,21,0.5,0.65,0.8,1625,0,1068.3,34.261
0.4,0.05,0.2,21,0.5,0.65,0.8,2000,0,1314.8,34.261
0.4,0.05,0.2,21,0.5,0.825,0.8,500,0,350.66,29.868
0.4,0.05,0.2,21,0.5,0.825,0.8,875,0,613.65,29.868
0.4,0.05,0.2,21,0.5,0.825,0.8,1250,0,876.64,29.868
0.4,0.05,0.2,21,0.5,0.825,0.8,1625,0,1139.6,29.868
0.4,0.05,0.2,21,0.5,0.825,0.8,2000,0,1402.6,29.868
0.4,0.05,0.2,21,0.5,1,0.8,500,0,366.48,26.704
0.4,0.05,0.2,21,0.5,1,0.8,875,0,641.34,26.704
0.4,0.05,0.2,21,0.5,1,0.8,1250,0,916.2,26.704
0.4,0.05,0.2,21,0.5,1,0.8,1625,0,1191.1,26.704
0.4,0.05,0.2,21,0.5,1,0.8,2000,0,1465.9,26.704
0.4,0.05,0.2,21,0.75,0.3,0.8,500,0,221.81,55.637
0.4,0.05,0.2,21,0.75,0.3,0.8,875,0,388.18,55.637
0.4,0.05,0.2,21,0.75,0.3,0.8,1250,0,554.57,55.635
0.4,0.05,0.2,21,0.75,0.3,0.8,1625,0,720.94,55.635
0.4,0.05,0.2,21,0.75,0.3,0.8,2000,0,887.25,55.638
0.4,0.05,0.2,21,0.75,0.475,0.8,500,0,279.19,44.161
0.4,0.05,0.2,21,0.75,0.475,0.8,875,0,488.59,44.161
0.4,0.05,0.2,21,0.75,0.475,0.8,1250,0,697.98,44.161
0.4,0.05,0.2,21,0.75,0.475,0.8,1625,0,907.38,44.161
0.4,0.05,0.2,21,0.75,0.475,0.8,2000,0,1116.8,44.161
0.4,0.05,0.2,21,0.75,0.65,0.8,500,0,313.37,37.326
0.4,0.05,0.2,21,0.75,0.65,0.8,875,0,548.4,37.326
0.4,0.05,0.2,21,0.75,0.65,0.8,1250,0,783.42,37.326
0.4,0.05,0.2,21,0.75,0.65,0.8,1625,0,1018.5,37.326
0.4,0.05,0.2,21,0.75,0.65,0.8,2000,0,1253.5,37.326
0.4,0.05,0.2,21,0.75,0.825,0.8,500,0,336.28,32.745
0.4,0.05,0.2,21,0.75,0.825,0.8,875,0,588.49,32.745
0.4,0.05,0.2,21,0.75,0.825,0.8,1250,0,840.69,32.745
0.4,0.05,0.2,21,0.75,0.825,0.8,1625,0,1092.9,32.745
0.4,0.05,0.2,21,0.75,0.825,0.8,2000,0,1345.1,32.745
0.4,0.05,0.2,21,0.75,1,0.8,500,0,352.92,29.417
0.4,0.05,0.2,21,0.75,1,0.8,875,0,617.6,29.417
0.4,0.05,0.2,21,0.75,1,0.8,1250,0,882.29,29.417
0.4,0.05,0.2,21,0.75,1,0.8,1625,0,1147,29.417
0.4,0.05,0.2,21,0.75,1,0.8,2000,0,1411.7,29.417
0.4,0.05,0.2,21,1,0.3,0.8,500,0,212.99,57.402
0.4,0.05,0.2,21,1,0.3,0.8,875,0,372.73,57.402
0.4,0.05,0.2,21,1,0.3,0.8,1250,0,532.43,57.405
0.4,0.05,0.2,21,1,0.3,0.8,1625,0,692.21,57.402
0.4,0.05,0.2,21,1,0.3,0.8,2000,0,851.9,57.405
0.4,0.05,0.2,21,1,0.475,0.8,500,0,270.25,45.949
0.4,0.05,0.2,21,1,0.475,0.8,875,0,472.95,45.949
0.4,0.05,0.2,21,1,0.475,0.8,1250,0,675.64,45.949
0.4,0.05,0.2,21,1,0.475,0.8,1625,0,878.33,45.949
0.4,0.05,0.2,21,1,0.475,0.8,2000,0,1081,45.949
0.4,0.05,0.2,21,1,0.65,0.8,500,0,304.83,39.034
0.4,0.05,0.2,21,1,0.65,0.8,875,0,533.45,39.034
0.4,0.05,0.2,21,1,0.65,0.8,1250,0,762.07,39.034
0.4,0.05,0.2,21,1,0.65,0.8,1625,0,990.7,39.034
0.4,0.05,0.2,21,1,0.65,0.8,2000,0,1219.3,39.034
0.4,0.05,0.2,21,1,0.825,0.8,500,0,328.17,34.366
0.4,0.05,0.2,21,1,0.825,0.8,875,0,574.23,34.373
0.4,0.05,0.2,21,1,0.825,0.8,1250,0,820.42,34.366
0.4,0.05,0.2,21,1,0.825,0.8,1625,0,1066.6,34.366
0.4,0.05,0.2,21,1,0.825,0.8,2000,0,1312.7,34.366
0.4,0.05,0.2,21,1,1,0.8,500,0,345.2,30.959
0.4,0.05,0.2,21,1,1,0.8,875,0,604.11,30.959
0.4,0.05,0.2,21,1,1,0.8,1250,0,863.01,30.959
0.4,0.05,0.2,21,1,1,0.8,1625,0,1121.9,30.959
0.4,0.05,0.2,21,1,1,0.8,2000,0,1380.8,30.959
0.4,0.05,0.2,21,1.25,0.3,0.8,500,0,207.54,58.492
0.4,0.05,0.2,21,1.25,0.3,0.8,875,0,363.19,58.492
0.4,0.05,0.2,21,1.25,0.3,0.8,1250,0,518.85,58.492
0.4,0.05,0.2,21,1.25,0.3,0.8,1625,0,674.51,58.492
0.4,0.05,0.2,21,1.25,0.3,0.8,2000,0,830.16,58.492
0.4,0.05,0.2,21,1.25,0.475,0.8,500,0,264.63,47.073
0.4,0.05,0.2,21,1.25,0.475,0.8,875,0,463.06,47.078
0.4,0.05,0.2,21,1.25,0.475,0.8,1250,0,661.58,47.073
0.4,0.05,0.2,21,1.25,0.475,0.8,1625,0,860.06,47.073
0.4,0.05,0.2,21,1.25,0.475,0.8,2000,0,1058.5,47.073
0.4,0.05,0.2,21,1.25,0.65,0.8,500,0,299.4,40.12
0.4,0.05,0.2,21,1.25,0.65,0.8,875,0,523.89,40.126
0.4,0.05,0.2,21,1.25,0.65,0.8,1250,0,748.5,40.12
0.4,0.05,0.2,21,1.25,0.65,0.8,1625,0,973.05,40.12
0.4,0.05,0.2,21,1.25,0.65,0.8,2000,0,1197.6,40.12
0.4,0.05,0.2,21,1.25,0.825,0.8,500,0,322.98,35.404
0.4,0.05,0.2,21,1.25,0.825,0.8,875,0,565.21,35.404
0.4,0.05,0.2,21,1.25,0.825,0.8,1250,0,807.45,35.404
0.4,0.05,0.2,21,1.25,0.825,0.8,1625,0,1049.7,35.404
0.4,0.05,0.2,21,1.25,0.825,0.8,2000,0,1291.9,35.404
0.4,0.05,0.2,21,1.25,1,0.8,500,0,340.24,31.952
0.4,0.05,0.2,21,1.25,1,0.8,875,0,595.36,31.959
0.4,0.05,0.2,21,1.25,1,0.8,1250,0,850.6,31.952
0.4,0.05,0.2,21,1.25,1,0.8,1625,0,1105.8,31.952
0.4,0.05,0.2,21,1.25,1,0.8,2000,0,1361,31.952
0.4,0.05,0.2,21,1.5,0.3,0.8,500,0,203.85,59.229
0.4,0.05,0.2,21,1.5,0.3,0.8,875,0,356.74,59.23
0.4,0.05,0.2,21,1.5,0.3,0.8,1250,0,509.63,59.229
0.4,0.05,0.2,21,1.5,0.3,0.8,1625,0,662.52,59.229
0.4,0.05,0.2,21,1.5,0.3,0.8,2000,0,815.41,59.229
0.4,0.05,0.2,21,1.5,0.475,0.8,500,0,260.78,47.845
0.4,0.05,0.2,21,1.5,0.475,0.8,875,0,456.32,47.85
0.4,0.05,0.2,21,1.5,0.475,0.8,1250,0,651.94,47.845
0.4,0.05,0.2,21,1.5,0.475,0.8,1625,0,847.52,47.845
0.4,0.05,0.2,21,1.5,0.475,0.8,2000,0,1043.1,47.845
0.4,0.05,0.2,21,1.5,0.65,0.8,500,0,295.65,40.87
0.4,0.05,0.2,21,1.5,0.65,0.8,875,0,517.33,40.876
0.4,0.05,0.2,21,1.5,0.65,0.8,1250,0,739.13,40.87
0.4,0.05,0.2,21,1.5,0.65,0.8,1625,0,960.86,40.87
0.4,0.05,0.2,21,1.5,0.65,0.8,2000,0,1182.6,40.87
0.4,0.05,0.2,21,1.5,0.825,0.8,500,0,319.38,36.124
0.4,0.05,0.2,21,1.5,0.825,0.8,875,0,558.85,36.131
0.4,0.05,0.2,21,1.5,0.825,0.8,1250,0,798.44,36.124
0.4,0.05,0.2,21,1.5,0.825,0.8,1625,0,1038,36.124
0.4,0.05,0.2,21,1.5,0.825,0.8,2000,0,1277.5,36.124
0.4,0.05,0.2,21,1.5,1,0.8,500,0,336.78,32.643
0.4,0.05,0.2,21,1.5,1,0.8,875,0,589.34,32.647
0.4,0.05,0.2,21,1.5,1,0.8,1250,0,841.96,32.643
0.4,0.05,0.2,21,1.5,1,0.8,1625,0,1094.5,32.643
0.4,0.05,0.2,21,1.5,1,0.8,2000,0,1347.1,32.643